INSERT INTO `cuckoo_job_group` (`id`, `group_name`, `group_desc`) VALUES (1, '测试分组1', '测试分组哦111111');


INSERT INTO `cuckoo_job_detail` (`id`, `group_id`, `job_name`, `job_class_application`, `job_desc`, `trigger_type`, `cron_expression`, `type_daily`, `offset`, `job_status`, `cuckoo_parallel_job_args`) VALUES (1, 1, 'testCronUnDailySucced', 'member', 'CRON非日切任务--客户端执行成功', 'CRON', '0/5 * * * * ?', 'NO', 0, 'PAUSE', '1,2,3');
INSERT INTO `cuckoo_job_detail` (`id`, `group_id`, `job_name`, `job_class_application`, `job_desc`, `trigger_type`, `cron_expression`, `type_daily`, `offset`, `job_status`, `cuckoo_parallel_job_args`) VALUES (2, 1, 'testCronUnDailyFailed', 'member', 'CRON非日切任务--客户端执行失败测试', 'CRON', '0/5 * * * * ?', 'NO', 0, 'PAUSE', '4,5,6,7');
INSERT INTO `cuckoo_job_detail` (`id`, `group_id`, `job_name`, `job_class_application`, `job_desc`, `trigger_type`, `cron_expression`, `type_daily`, `offset`, `job_status`, `cuckoo_parallel_job_args`) VALUES (4, 1, 'testCronDailySucced', 'member', 'CRON日起任务-客户端成功', 'CRON', '0/5 * * * * ?', 'YES', 0, 'PAUSE', 'testCronDailySucced,2');
INSERT INTO `cuckoo_job_detail` (`id`, `group_id`, `job_name`, `job_class_application`, `job_desc`, `trigger_type`, `cron_expression`, `type_daily`, `offset`, `job_status`, `cuckoo_parallel_job_args`) VALUES (5, 1, 'testCronDailyFailed', 'member', 'Cron日切任务-客户端执行失败', 'CRON', '0/5 * * * * ?', 'YES', -3, 'PAUSE', 'testCronDailyFailed,3');
INSERT INTO `cuckoo_job_detail` (`id`, `group_id`, `job_name`, `job_class_application`, `job_desc`, `trigger_type`, `cron_expression`, `type_daily`, `offset`, `job_status`, `cuckoo_parallel_job_args`) VALUES (6, 1, 'testFlowDailyDependencySucced', 'member', 'Cron日切触发与依赖测试--客户端成功', 'JOB', '', 'YES', -1, 'RUNNING', '');
INSERT INTO `cuckoo_job_detail` (`id`, `group_id`, `job_name`, `job_class_application`, `job_desc`, `trigger_type`, `cron_expression`, `type_daily`, `offset`, `job_status`, `cuckoo_parallel_job_args`) VALUES (8, 1, 'testFlowDailySucced', 'member', '依赖日切任务-客户端执行成功', 'JOB', '', 'YES', 0, 'RUNNING', '2,3,4,4');
INSERT INTO `cuckoo_job_detail` (`id`, `group_id`, `job_name`, `job_class_application`, `job_desc`, `trigger_type`, `cron_expression`, `type_daily`, `offset`, `job_status`, `cuckoo_parallel_job_args`) VALUES (10, 1, 'testFlowDailyFailed', 'member', '被触发日切任务--客户端执行失败', 'JOB', '', 'YES', 1, 'RUNNING', '1');
INSERT INTO `cuckoo_job_detail` (`id`, `group_id`, `job_name`, `job_class_application`, `job_desc`, `trigger_type`, `cron_expression`, `type_daily`, `offset`, `job_status`, `cuckoo_parallel_job_args`) VALUES (11, 1, 'testFlowUnDailySucced', 'member', '被触发非日切任务--客户端执行成功', 'JOB', '', 'NO', 0, 'RUNNING', '111');
INSERT INTO `cuckoo_job_detail` (`id`, `group_id`, `job_name`, `job_class_application`, `job_desc`, `trigger_type`, `cron_expression`, `type_daily`, `offset`, `job_status`, `cuckoo_parallel_job_args`) VALUES (12, 1, 'testFlowUnDailyFailed', 'member', '被处罚非日切任务--执行失败', 'JOB', '', 'YES', 0, 'RUNNING', '111');
INSERT INTO `cuckoo_job_detail` (`id`, `group_id`, `job_name`, `job_class_application`, `job_desc`, `trigger_type`, `cron_expression`, `type_daily`, `offset`, `job_status`, `cuckoo_parallel_job_args`) VALUES (13, 1, 'testCronJobAutoInit', 'member', 'CRON非日切任务--客户端执行成功', 'CRON', '0/5 * * * * ?', 'NO', 0, 'PAUSE', '1,2,3');


INSERT INTO `cuckoo_client_job_detail` (`id`, `job_class_application`, `cuckoo_client_ip`, `cuckoo_client_tag`, `cuckoo_client_status`, `job_name`, `bean_name`, `method_name`, `create_date`, `modify_date`) VALUES (1, 'member', '127.0.0.1', 'DEFAULT', 'RUNNING', 'testJob', 'cuckooTestTaskImpl', 'testJob', 1489334220605, 1489912955106);
INSERT INTO `cuckoo_client_job_detail` (`id`, `job_class_application`, `cuckoo_client_ip`, `cuckoo_client_tag`, `cuckoo_client_status`, `job_name`, `bean_name`, `method_name`, `create_date`, `modify_date`) VALUES (2, 'member', '127.0.0.1', 'DEFAULT', 'RUNNING', 'testJob2', 'cuckooTestTask2Impl', 'testJob', 1489334220631, 1489912955137);
INSERT INTO `cuckoo_client_job_detail` (`id`, `job_class_application`, `cuckoo_client_ip`, `cuckoo_client_tag`, `cuckoo_client_status`, `job_name`, `bean_name`, `method_name`, `create_date`, `modify_date`) VALUES (3, 'member', '127.0.0.1', 'DEFAULT', 'RUNNING', 'testCronDailyFailed', 'cuckooTestDailyJobImpl', 'testCronDailyFailed', 1489918313212, 1489919040035);
INSERT INTO `cuckoo_client_job_detail` (`id`, `job_class_application`, `cuckoo_client_ip`, `cuckoo_client_tag`, `cuckoo_client_status`, `job_name`, `bean_name`, `method_name`, `create_date`, `modify_date`) VALUES (4, 'member', '127.0.0.1', 'DEFAULT', 'RUNNING', 'testCronDailySucced', 'cuckooTestDailyJobImpl', 'testCronDailySucced', 1489918313244, 1490013515019);
INSERT INTO `cuckoo_client_job_detail` (`id`, `job_class_application`, `cuckoo_client_ip`, `cuckoo_client_tag`, `cuckoo_client_status`, `job_name`, `bean_name`, `method_name`, `create_date`, `modify_date`) VALUES (5, 'member', '127.0.0.1', 'DEFAULT', 'RUNNING', 'testCronUnDailySucced', 'cuckooTestUnDailyJobImpl', 'testCronUnDailySucced', 1489918313265, 1489918585066);
INSERT INTO `cuckoo_client_job_detail` (`id`, `job_class_application`, `cuckoo_client_ip`, `cuckoo_client_tag`, `cuckoo_client_status`, `job_name`, `bean_name`, `method_name`, `create_date`, `modify_date`) VALUES (6, 'member', '127.0.0.1', 'DEFAULT', 'RUNNING', 'testCronUnDailyFailed', 'cuckooTestUnDailyJobImpl', 'testCronUnDailyFailed', 1489918313288, 0);
INSERT INTO `cuckoo_client_job_detail` (`id`, `job_class_application`, `cuckoo_client_ip`, `cuckoo_client_tag`, `cuckoo_client_status`, `job_name`, `bean_name`, `method_name`, `create_date`, `modify_date`) VALUES (7, 'member', '127.0.0.1', 'DEFAULT', 'RUNNING', 'testCronDailyDependencySucced', 'cuckooTestDailyJobImpl', 'testCronDailyDependencySucced', 1489998424963, 1490007892918);
INSERT INTO `cuckoo_client_job_detail` (`id`, `job_class_application`, `cuckoo_client_ip`, `cuckoo_client_tag`, `cuckoo_client_status`, `job_name`, `bean_name`, `method_name`, `create_date`, `modify_date`) VALUES (8, 'member', '127.0.0.1', 'DEFAULT', 'RUNNING', 'testFlowDailySucced', 'cuckooTestDailyJobImpl', 'testFlowDailySucced', 1490008079658, 1490013575070);
INSERT INTO `cuckoo_client_job_detail` (`id`, `job_class_application`, `cuckoo_client_ip`, `cuckoo_client_tag`, `cuckoo_client_status`, `job_name`, `bean_name`, `method_name`, `create_date`, `modify_date`) VALUES (9, 'member', '127.0.0.1', 'DEFAULT', 'RUNNING', 'testFlowDailyDependencySucced', 'cuckooTestDailyJobImpl', 'testFlowDailyDependencySucced', 1490008442601, 1490013575054);
INSERT INTO `cuckoo_client_job_detail` (`id`, `job_class_application`, `cuckoo_client_ip`, `cuckoo_client_tag`, `cuckoo_client_status`, `job_name`, `bean_name`, `method_name`, `create_date`, `modify_date`) VALUES (10, 'member', '127.0.0.1', 'DEFAULT', 'RUNNING', 'testFlowDailyFailed', 'cuckooTestDailyJobImpl', 'testFlowDailyFailed', 1490012799502, 1490013635120);
INSERT INTO `cuckoo_client_job_detail` (`id`, `job_class_application`, `cuckoo_client_ip`, `cuckoo_client_tag`, `cuckoo_client_status`, `job_name`, `bean_name`, `method_name`, `create_date`, `modify_date`) VALUES (11, 'member', '127.0.0.1', 'DEFAULT', 'RUNNING', 'testFlowUnDailyDependencySucced', 'cuckooTestUnDailyJobImpl', 'testFlowUnDailyDependencySucced', 1490013071620, 0);
INSERT INTO `cuckoo_client_job_detail` (`id`, `job_class_application`, `cuckoo_client_ip`, `cuckoo_client_tag`, `cuckoo_client_status`, `job_name`, `bean_name`, `method_name`, `create_date`, `modify_date`) VALUES (12, 'member', '127.0.0.1', 'DEFAULT', 'RUNNING', 'testFlowUnDailySucced', 'cuckooTestUnDailyJobImpl', 'testFlowUnDailySucced', 1490013071632, 1490064368035);
INSERT INTO `cuckoo_client_job_detail` (`id`, `job_class_application`, `cuckoo_client_ip`, `cuckoo_client_tag`, `cuckoo_client_status`, `job_name`, `bean_name`, `method_name`, `create_date`, `modify_date`) VALUES (13, 'member', '127.0.0.1', 'DEFAULT', 'RUNNING', 'testFlowUnDailyFailed', 'cuckooTestUnDailyJobImpl', 'testFlowUnDailyFailed', 1490013071639, 1490013575116);



INSERT INTO `cuckoo_job_next_job` (`id`, `job_id`, `next_job_id`) VALUES (3, 4, 6);
INSERT INTO `cuckoo_job_next_job` (`id`, `job_id`, `next_job_id`) VALUES (7, 4, 8);
INSERT INTO `cuckoo_job_next_job` (`id`, `job_id`, `next_job_id`) VALUES (9, 8, 10);
INSERT INTO `cuckoo_job_next_job` (`id`, `job_id`, `next_job_id`) VALUES (10, 4, 11);
INSERT INTO `cuckoo_job_next_job` (`id`, `job_id`, `next_job_id`) VALUES (12, 4, 12);

INSERT INTO `cuckoo_job_dependency` (`id`, `job_id`, `dependency_job_id`) VALUES (5, 6, 4);
INSERT INTO `cuckoo_job_dependency` (`id`, `job_id`, `dependency_job_id`) VALUES (6, 6, 5);
INSERT INTO `cuckoo_job_dependency` (`id`, `job_id`, `dependency_job_id`) VALUES (9, 8, 4);
INSERT INTO `cuckoo_job_dependency` (`id`, `job_id`, `dependency_job_id`) VALUES (10, 10, 8);
INSERT INTO `cuckoo_job_dependency` (`id`, `job_id`, `dependency_job_id`) VALUES (11, 11, 4);
INSERT INTO `cuckoo_job_dependency` (`id`, `job_id`, `dependency_job_id`) VALUES (13, 12, 4);


INSERT INTO `cuckoo_job_exec_log` (`id`, `job_id`, `group_id`, `job_class_application`, `job_name`, `trigger_type`, `type_daily`, `cron_expression`, `tx_date`, `flow_last_time`, `flow_cur_time`, `cuckoo_parallel_job_args`, `job_start_time`, `job_end_time`, `exec_job_status`, `cuckoo_client_ip`, `cuckoo_client_tag`, `latest_check_time`, `need_triggle_next`, `force_triggle`, `remark`) VALUES (249, 1, 1, 'member', 'testCronUnDailySucced', 'CRON', 'NO', '0/5 * * * * ?', 0, 0, 1489918570080, '1,2,3', 1489918570080, 1489918570275, 'SUCCED', '127.0.0.1', 'DEFAULT', 1489918570080, 1, 0, 'succed');
INSERT INTO `cuckoo_job_exec_log` (`id`, `job_id`, `group_id`, `job_class_application`, `job_name`, `trigger_type`, `type_daily`, `cron_expression`, `tx_date`, `flow_last_time`, `flow_cur_time`, `cuckoo_parallel_job_args`, `job_start_time`, `job_end_time`, `exec_job_status`, `cuckoo_client_ip`, `cuckoo_client_tag`, `latest_check_time`, `need_triggle_next`, `force_triggle`, `remark`) VALUES (250, 1, 1, 'member', 'testCronUnDailySucced', 'CRON', 'NO', '0/5 * * * * ?', 0, 1489918570080, 1489918575018, '1,2,3', 1489918575018, 1489918575049, 'SUCCED', '127.0.0.1', 'DEFAULT', 1489918575018, 1, 0, 'succed');
INSERT INTO `cuckoo_job_exec_log` (`id`, `job_id`, `group_id`, `job_class_application`, `job_name`, `trigger_type`, `type_daily`, `cron_expression`, `tx_date`, `flow_last_time`, `flow_cur_time`, `cuckoo_parallel_job_args`, `job_start_time`, `job_end_time`, `exec_job_status`, `cuckoo_client_ip`, `cuckoo_client_tag`, `latest_check_time`, `need_triggle_next`, `force_triggle`, `remark`) VALUES (251, 1, 1, 'member', 'testCronUnDailySucced', 'CRON', 'NO', '0/5 * * * * ?', 0, 1489918575018, 1489918580013, '1,2,3', 1489918580013, 1489918580044, 'SUCCED', '127.0.0.1', 'DEFAULT', 1489918580013, 1, 0, 'succed');
INSERT INTO `cuckoo_job_exec_log` (`id`, `job_id`, `group_id`, `job_class_application`, `job_name`, `trigger_type`, `type_daily`, `cron_expression`, `tx_date`, `flow_last_time`, `flow_cur_time`, `cuckoo_parallel_job_args`, `job_start_time`, `job_end_time`, `exec_job_status`, `cuckoo_client_ip`, `cuckoo_client_tag`, `latest_check_time`, `need_triggle_next`, `force_triggle`, `remark`) VALUES (252, 1, 1, 'member', 'testCronUnDailySucced', 'CRON', 'NO', '0/5 * * * * ?', 0, 1489918580013, 1489918585019, '1,2,3', 1489918585019, 1489918585086, 'SUCCED', '127.0.0.1', 'DEFAULT', 1489918585019, 1, 0, 'succed');
INSERT INTO `cuckoo_job_exec_log` (`id`, `job_id`, `group_id`, `job_class_application`, `job_name`, `trigger_type`, `type_daily`, `cron_expression`, `tx_date`, `flow_last_time`, `flow_cur_time`, `cuckoo_parallel_job_args`, `job_start_time`, `job_end_time`, `exec_job_status`, `cuckoo_client_ip`, `cuckoo_client_tag`, `latest_check_time`, `need_triggle_next`, `force_triggle`, `remark`) VALUES (253, 4, 1, 'member', 'testCronDailySucced', 'CRON', 'YES', '0/5 * * * * ?', 20170318, 0, 0, 'testCronDailySucced,2', 1489918850318, 0, 'FAILED', '', '', 1489918850318, 1, 0, 'job exec error:remoteJobExecs can not get socket,jobLog:com.wjs.schedule.domain.exec.CuckooJobExecLog@4c426682[id=253,jobId=4,groupId=1,jobClassApplication=member,jobName=testCronDailySucced,triggerType=CRON,typeDaily=YES,cronExpression=0/5 * * * * ?,txDate=20170318,flowLastTime=<null>,flowCurTime=<null>,cuckooParallelJobArgs=testCronDailySucced,2,jobStartTime=1489918850318,jobEndTime=<null>,execJobStatus=PENDING,cuckooClientIp=<null>,cuckooClientTag=<null>,latestCheckTime=148991885031');
INSERT INTO `cuckoo_job_exec_log` (`id`, `job_id`, `group_id`, `job_class_application`, `job_name`, `trigger_type`, `type_daily`, `cron_expression`, `tx_date`, `flow_last_time`, `flow_cur_time`, `cuckoo_parallel_job_args`, `job_start_time`, `job_end_time`, `exec_job_status`, `cuckoo_client_ip`, `cuckoo_client_tag`, `latest_check_time`, `need_triggle_next`, `force_triggle`, `remark`) VALUES (254, 4, 1, 'member', 'testCronDailySucced', 'CRON', 'YES', '0/5 * * * * ?', 20170318, 0, 0, 'testCronDailySucced,2', 1489918855031, 0, 'FAILED', '', '', 1489918855031, 1, 0, 'job exec error:remoteJobExecs can not get socket,jobLog:com.wjs.schedule.domain.exec.CuckooJobExecLog@5e998ef1[id=254,jobId=4,groupId=1,jobClassApplication=member,jobName=testCronDailySucced,triggerType=CRON,typeDaily=YES,cronExpression=0/5 * * * * ?,txDate=20170318,flowLastTime=<null>,flowCurTime=<null>,cuckooParallelJobArgs=testCronDailySucced,2,jobStartTime=1489918855031,jobEndTime=<null>,execJobStatus=PENDING,cuckooClientIp=<null>,cuckooClientTag=<null>,latestCheckTime=148991885503');
INSERT INTO `cuckoo_job_exec_log` (`id`, `job_id`, `group_id`, `job_class_application`, `job_name`, `trigger_type`, `type_daily`, `cron_expression`, `tx_date`, `flow_last_time`, `flow_cur_time`, `cuckoo_parallel_job_args`, `job_start_time`, `job_end_time`, `exec_job_status`, `cuckoo_client_ip`, `cuckoo_client_tag`, `latest_check_time`, `need_triggle_next`, `force_triggle`, `remark`) VALUES (255, 4, 1, 'member', 'testCronDailySucced', 'CRON', 'YES', '0/5 * * * * ?', 20170318, 0, 0, 'testCronDailySucced,2', 1489918860029, 0, 'FAILED', '', '', 1489918860029, 1, 0, 'job exec error:remoteJobExecs can not get socket,jobLog:com.wjs.schedule.domain.exec.CuckooJobExecLog@3085e275[id=255,jobId=4,groupId=1,jobClassApplication=member,jobName=testCronDailySucced,triggerType=CRON,typeDaily=YES,cronExpression=0/5 * * * * ?,txDate=20170318,flowLastTime=<null>,flowCurTime=<null>,cuckooParallelJobArgs=testCronDailySucced,2,jobStartTime=1489918860029,jobEndTime=<null>,execJobStatus=PENDING,cuckooClientIp=<null>,cuckooClientTag=<null>,latestCheckTime=148991886002');
INSERT INTO `cuckoo_job_exec_log` (`id`, `job_id`, `group_id`, `job_class_application`, `job_name`, `trigger_type`, `type_daily`, `cron_expression`, `tx_date`, `flow_last_time`, `flow_cur_time`, `cuckoo_parallel_job_args`, `job_start_time`, `job_end_time`, `exec_job_status`, `cuckoo_client_ip`, `cuckoo_client_tag`, `latest_check_time`, `need_triggle_next`, `force_triggle`, `remark`) VALUES (256, 4, 1, 'member', 'testCronDailySucced', 'CRON', 'YES', '0/5 * * * * ?', 20170318, 0, 0, 'testCronDailySucced,2', 1489918865009, 0, 'FAILED', '', '', 1489918865009, 1, 0, 'job exec error:remoteJobExecs can not get socket,jobLog:com.wjs.schedule.domain.exec.CuckooJobExecLog@58217073[id=256,jobId=4,groupId=1,jobClassApplication=member,jobName=testCronDailySucced,triggerType=CRON,typeDaily=YES,cronExpression=0/5 * * * * ?,txDate=20170318,flowLastTime=<null>,flowCurTime=<null>,cuckooParallelJobArgs=testCronDailySucced,2,jobStartTime=1489918865009,jobEndTime=<null>,execJobStatus=PENDING,cuckooClientIp=<null>,cuckooClientTag=<null>,latestCheckTime=148991886500');
INSERT INTO `cuckoo_job_exec_log` (`id`, `job_id`, `group_id`, `job_class_application`, `job_name`, `trigger_type`, `type_daily`, `cron_expression`, `tx_date`, `flow_last_time`, `flow_cur_time`, `cuckoo_parallel_job_args`, `job_start_time`, `job_end_time`, `exec_job_status`, `cuckoo_client_ip`, `cuckoo_client_tag`, `latest_check_time`, `need_triggle_next`, `force_triggle`, `remark`) VALUES (257, 4, 1, 'member', 'testCronDailySucced', 'CRON', 'YES', '0/5 * * * * ?', 20170318, 0, 0, 'testCronDailySucced,2', 1489918870033, 0, 'FAILED', '', '', 1489918870033, 1, 0, 'job exec error:remoteJobExecs can not get socket,jobLog:com.wjs.schedule.domain.exec.CuckooJobExecLog@73c4b5a9[id=257,jobId=4,groupId=1,jobClassApplication=member,jobName=testCronDailySucced,triggerType=CRON,typeDaily=YES,cronExpression=0/5 * * * * ?,txDate=20170318,flowLastTime=<null>,flowCurTime=<null>,cuckooParallelJobArgs=testCronDailySucced,2,jobStartTime=1489918870033,jobEndTime=<null>,execJobStatus=PENDING,cuckooClientIp=<null>,cuckooClientTag=<null>,latestCheckTime=148991887003');
INSERT INTO `cuckoo_job_exec_log` (`id`, `job_id`, `group_id`, `job_class_application`, `job_name`, `trigger_type`, `type_daily`, `cron_expression`, `tx_date`, `flow_last_time`, `flow_cur_time`, `cuckoo_parallel_job_args`, `job_start_time`, `job_end_time`, `exec_job_status`, `cuckoo_client_ip`, `cuckoo_client_tag`, `latest_check_time`, `need_triggle_next`, `force_triggle`, `remark`) VALUES (258, 4, 1, 'member', 'testCronDailySucced', 'CRON', 'YES', '0/5 * * * * ?', 20170318, 0, 0, 'testCronDailySucced,2', 1489918875011, 0, 'FAILED', '', '', 1489918875011, 1, 0, 'job exec error:remoteJobExecs can not get socket,jobLog:com.wjs.schedule.domain.exec.CuckooJobExecLog@4c4e0fb5[id=258,jobId=4,groupId=1,jobClassApplication=member,jobName=testCronDailySucced,triggerType=CRON,typeDaily=YES,cronExpression=0/5 * * * * ?,txDate=20170318,flowLastTime=<null>,flowCurTime=<null>,cuckooParallelJobArgs=testCronDailySucced,2,jobStartTime=1489918875011,jobEndTime=<null>,execJobStatus=PENDING,cuckooClientIp=<null>,cuckooClientTag=<null>,latestCheckTime=148991887501');
INSERT INTO `cuckoo_job_exec_log` (`id`, `job_id`, `group_id`, `job_class_application`, `job_name`, `trigger_type`, `type_daily`, `cron_expression`, `tx_date`, `flow_last_time`, `flow_cur_time`, `cuckoo_parallel_job_args`, `job_start_time`, `job_end_time`, `exec_job_status`, `cuckoo_client_ip`, `cuckoo_client_tag`, `latest_check_time`, `need_triggle_next`, `force_triggle`, `remark`) VALUES (259, 4, 1, 'member', 'testCronDailySucced', 'CRON', 'YES', '0/5 * * * * ?', 20170318, 0, 0, 'testCronDailySucced,2', 1489918880021, 1489918880139, 'SUCCED', '127.0.0.1', 'DEFAULT', 1489918880021, 1, 0, 'succed');
INSERT INTO `cuckoo_job_exec_log` (`id`, `job_id`, `group_id`, `job_class_application`, `job_name`, `trigger_type`, `type_daily`, `cron_expression`, `tx_date`, `flow_last_time`, `flow_cur_time`, `cuckoo_parallel_job_args`, `job_start_time`, `job_end_time`, `exec_job_status`, `cuckoo_client_ip`, `cuckoo_client_tag`, `latest_check_time`, `need_triggle_next`, `force_triggle`, `remark`) VALUES (260, 4, 1, 'member', 'testCronDailySucced', 'CRON', 'YES', '0/5 * * * * ?', 20170318, 0, 0, 'testCronDailySucced,2', 1489918885019, 1489918885052, 'SUCCED', '127.0.0.1', 'DEFAULT', 1489918885019, 1, 0, 'succed');
INSERT INTO `cuckoo_job_exec_log` (`id`, `job_id`, `group_id`, `job_class_application`, `job_name`, `trigger_type`, `type_daily`, `cron_expression`, `tx_date`, `flow_last_time`, `flow_cur_time`, `cuckoo_parallel_job_args`, `job_start_time`, `job_end_time`, `exec_job_status`, `cuckoo_client_ip`, `cuckoo_client_tag`, `latest_check_time`, `need_triggle_next`, `force_triggle`, `remark`) VALUES (261, 4, 1, 'member', 'testCronDailySucced', 'CRON', 'YES', '0/5 * * * * ?', 20170318, 0, 0, 'testCronDailySucced,2', 1489918890014, 1489918890043, 'SUCCED', '127.0.0.1', 'DEFAULT', 1489918890014, 1, 0, 'succed');
INSERT INTO `cuckoo_job_exec_log` (`id`, `job_id`, `group_id`, `job_class_application`, `job_name`, `trigger_type`, `type_daily`, `cron_expression`, `tx_date`, `flow_last_time`, `flow_cur_time`, `cuckoo_parallel_job_args`, `job_start_time`, `job_end_time`, `exec_job_status`, `cuckoo_client_ip`, `cuckoo_client_tag`, `latest_check_time`, `need_triggle_next`, `force_triggle`, `remark`) VALUES (262, 4, 1, 'member', 'testCronDailySucced', 'CRON', 'YES', '0/5 * * * * ?', 20170318, 0, 0, 'testCronDailySucced,2', 1489918895019, 1489918895044, 'SUCCED', '127.0.0.1', 'DEFAULT', 1489918895019, 1, 0, 'succed');
INSERT INTO `cuckoo_job_exec_log` (`id`, `job_id`, `group_id`, `job_class_application`, `job_name`, `trigger_type`, `type_daily`, `cron_expression`, `tx_date`, `flow_last_time`, `flow_cur_time`, `cuckoo_parallel_job_args`, `job_start_time`, `job_end_time`, `exec_job_status`, `cuckoo_client_ip`, `cuckoo_client_tag`, `latest_check_time`, `need_triggle_next`, `force_triggle`, `remark`) VALUES (263, 4, 1, 'member', 'testCronDailySucced', 'CRON', 'YES', '0/5 * * * * ?', 20170318, 0, 0, 'testCronDailySucced,2', 1489918900015, 1489918900045, 'SUCCED', '127.0.0.1', 'DEFAULT', 1489918900015, 1, 0, 'succed');
INSERT INTO `cuckoo_job_exec_log` (`id`, `job_id`, `group_id`, `job_class_application`, `job_name`, `trigger_type`, `type_daily`, `cron_expression`, `tx_date`, `flow_last_time`, `flow_cur_time`, `cuckoo_parallel_job_args`, `job_start_time`, `job_end_time`, `exec_job_status`, `cuckoo_client_ip`, `cuckoo_client_tag`, `latest_check_time`, `need_triggle_next`, `force_triggle`, `remark`) VALUES (264, 4, 1, 'member', 'testCronDailySucced', 'CRON', 'YES', '0/5 * * * * ?', 20170318, 0, 0, 'testCronDailySucced,2', 1489918905022, 1489918905063, 'SUCCED', '127.0.0.1', 'DEFAULT', 1489918905022, 1, 0, 'succed');
INSERT INTO `cuckoo_job_exec_log` (`id`, `job_id`, `group_id`, `job_class_application`, `job_name`, `trigger_type`, `type_daily`, `cron_expression`, `tx_date`, `flow_last_time`, `flow_cur_time`, `cuckoo_parallel_job_args`, `job_start_time`, `job_end_time`, `exec_job_status`, `cuckoo_client_ip`, `cuckoo_client_tag`, `latest_check_time`, `need_triggle_next`, `force_triggle`, `remark`) VALUES (265, 4, 1, 'member', 'testCronDailySucced', 'CRON', 'YES', '0/5 * * * * ?', 20170318, 0, 0, 'testCronDailySucced,2', 1489918910028, 1489918910066, 'SUCCED', '127.0.0.1', 'DEFAULT', 1489918910028, 1, 0, 'succed');
INSERT INTO `cuckoo_job_exec_log` (`id`, `job_id`, `group_id`, `job_class_application`, `job_name`, `trigger_type`, `type_daily`, `cron_expression`, `tx_date`, `flow_last_time`, `flow_cur_time`, `cuckoo_parallel_job_args`, `job_start_time`, `job_end_time`, `exec_job_status`, `cuckoo_client_ip`, `cuckoo_client_tag`, `latest_check_time`, `need_triggle_next`, `force_triggle`, `remark`) VALUES (266, 4, 1, 'member', 'testCronDailySucced', 'CRON', 'YES', '0/5 * * * * ?', 20170318, 0, 0, 'testCronDailySucced,2', 1489918915027, 1489918915061, 'SUCCED', '127.0.0.1', 'DEFAULT', 1489918915027, 1, 0, 'succed');
INSERT INTO `cuckoo_job_exec_log` (`id`, `job_id`, `group_id`, `job_class_application`, `job_name`, `trigger_type`, `type_daily`, `cron_expression`, `tx_date`, `flow_last_time`, `flow_cur_time`, `cuckoo_parallel_job_args`, `job_start_time`, `job_end_time`, `exec_job_status`, `cuckoo_client_ip`, `cuckoo_client_tag`, `latest_check_time`, `need_triggle_next`, `force_triggle`, `remark`) VALUES (267, 4, 1, 'member', 'testCronDailySucced', 'CRON', 'YES', '0/5 * * * * ?', 20170318, 0, 0, 'testCronDailySucced,2', 1489918920013, 1489918920033, 'SUCCED', '127.0.0.1', 'DEFAULT', 1489918920013, 1, 0, 'succed');
INSERT INTO `cuckoo_job_exec_log` (`id`, `job_id`, `group_id`, `job_class_application`, `job_name`, `trigger_type`, `type_daily`, `cron_expression`, `tx_date`, `flow_last_time`, `flow_cur_time`, `cuckoo_parallel_job_args`, `job_start_time`, `job_end_time`, `exec_job_status`, `cuckoo_client_ip`, `cuckoo_client_tag`, `latest_check_time`, `need_triggle_next`, `force_triggle`, `remark`) VALUES (268, 4, 1, 'member', 'testCronDailySucced', 'CRON', 'YES', '0/5 * * * * ?', 20170319, 0, 0, 'testCronDailySucced,2', 1489918925023, 1489918925046, 'SUCCED', '127.0.0.1', 'DEFAULT', 1489918925023, 1, 0, 'succed');
INSERT INTO `cuckoo_job_exec_log` (`id`, `job_id`, `group_id`, `job_class_application`, `job_name`, `trigger_type`, `type_daily`, `cron_expression`, `tx_date`, `flow_last_time`, `flow_cur_time`, `cuckoo_parallel_job_args`, `job_start_time`, `job_end_time`, `exec_job_status`, `cuckoo_client_ip`, `cuckoo_client_tag`, `latest_check_time`, `need_triggle_next`, `force_triggle`, `remark`) VALUES (269, 4, 1, 'member', 'testCronDailySucced', 'CRON', 'YES', '0/5 * * * * ?', 20170319, 0, 0, 'testCronDailySucced,2', 1489918930014, 1489918930040, 'SUCCED', '127.0.0.1', 'DEFAULT', 1489918930014, 1, 0, 'succed');
INSERT INTO `cuckoo_job_exec_log` (`id`, `job_id`, `group_id`, `job_class_application`, `job_name`, `trigger_type`, `type_daily`, `cron_expression`, `tx_date`, `flow_last_time`, `flow_cur_time`, `cuckoo_parallel_job_args`, `job_start_time`, `job_end_time`, `exec_job_status`, `cuckoo_client_ip`, `cuckoo_client_tag`, `latest_check_time`, `need_triggle_next`, `force_triggle`, `remark`) VALUES (270, 4, 1, 'member', 'testCronDailySucced', 'CRON', 'YES', '0/5 * * * * ?', 20170319, 0, 0, 'testCronDailySucced,2', 1489918935031, 1489918935069, 'SUCCED', '127.0.0.1', 'DEFAULT', 1489918935031, 1, 0, 'succed');
INSERT INTO `cuckoo_job_exec_log` (`id`, `job_id`, `group_id`, `job_class_application`, `job_name`, `trigger_type`, `type_daily`, `cron_expression`, `tx_date`, `flow_last_time`, `flow_cur_time`, `cuckoo_parallel_job_args`, `job_start_time`, `job_end_time`, `exec_job_status`, `cuckoo_client_ip`, `cuckoo_client_tag`, `latest_check_time`, `need_triggle_next`, `force_triggle`, `remark`) VALUES (271, 4, 1, 'member', 'testCronDailySucced', 'CRON', 'YES', '0/5 * * * * ?', 20170319, 0, 0, 'testCronDailySucced,2', 1489918940020, 1489918940054, 'SUCCED', '127.0.0.1', 'DEFAULT', 1489918940020, 1, 0, 'succed');
INSERT INTO `cuckoo_job_exec_log` (`id`, `job_id`, `group_id`, `job_class_application`, `job_name`, `trigger_type`, `type_daily`, `cron_expression`, `tx_date`, `flow_last_time`, `flow_cur_time`, `cuckoo_parallel_job_args`, `job_start_time`, `job_end_time`, `exec_job_status`, `cuckoo_client_ip`, `cuckoo_client_tag`, `latest_check_time`, `need_triggle_next`, `force_triggle`, `remark`) VALUES (272, 4, 1, 'member', 'testCronDailySucced', 'CRON', 'YES', '0/5 * * * * ?', 20170319, 0, 0, 'testCronDailySucced,2', 1489918945016, 1489918945038, 'SUCCED', '127.0.0.1', 'DEFAULT', 1489918945016, 1, 0, 'succed');
INSERT INTO `cuckoo_job_exec_log` (`id`, `job_id`, `group_id`, `job_class_application`, `job_name`, `trigger_type`, `type_daily`, `cron_expression`, `tx_date`, `flow_last_time`, `flow_cur_time`, `cuckoo_parallel_job_args`, `job_start_time`, `job_end_time`, `exec_job_status`, `cuckoo_client_ip`, `cuckoo_client_tag`, `latest_check_time`, `need_triggle_next`, `force_triggle`, `remark`) VALUES (273, 4, 1, 'member', 'testCronDailySucced', 'CRON', 'YES', '0/5 * * * * ?', 20170319, 0, 0, 'testCronDailySucced,2', 1489918950038, 1489918950067, 'SUCCED', '127.0.0.1', 'DEFAULT', 1489918950038, 1, 0, 'succed');
INSERT INTO `cuckoo_job_exec_log` (`id`, `job_id`, `group_id`, `job_class_application`, `job_name`, `trigger_type`, `type_daily`, `cron_expression`, `tx_date`, `flow_last_time`, `flow_cur_time`, `cuckoo_parallel_job_args`, `job_start_time`, `job_end_time`, `exec_job_status`, `cuckoo_client_ip`, `cuckoo_client_tag`, `latest_check_time`, `need_triggle_next`, `force_triggle`, `remark`) VALUES (274, 4, 1, 'member', 'testCronDailySucced', 'CRON', 'YES', '0/5 * * * * ?', 20170301, 0, 0, 'testCronDailySucced,2', 1489918955025, 1489918955067, 'SUCCED', '127.0.0.1', 'DEFAULT', 1489918955025, 1, 0, 'succed');
INSERT INTO `cuckoo_job_exec_log` (`id`, `job_id`, `group_id`, `job_class_application`, `job_name`, `trigger_type`, `type_daily`, `cron_expression`, `tx_date`, `flow_last_time`, `flow_cur_time`, `cuckoo_parallel_job_args`, `job_start_time`, `job_end_time`, `exec_job_status`, `cuckoo_client_ip`, `cuckoo_client_tag`, `latest_check_time`, `need_triggle_next`, `force_triggle`, `remark`) VALUES (275, 5, 1, 'member', 'testCronDailyFailed', 'CRON', 'YES', '0/5 * * * * ?', 20170316, 0, 0, 'testCronDailyFailed,3', 1489919015014, 1489919015164, 'FAILED', '127.0.0.1', 'DEFAULT', 1489919015014, 1, 0, 'client throw a exception');
INSERT INTO `cuckoo_job_exec_log` (`id`, `job_id`, `group_id`, `job_class_application`, `job_name`, `trigger_type`, `type_daily`, `cron_expression`, `tx_date`, `flow_last_time`, `flow_cur_time`, `cuckoo_parallel_job_args`, `job_start_time`, `job_end_time`, `exec_job_status`, `cuckoo_client_ip`, `cuckoo_client_tag`, `latest_check_time`, `need_triggle_next`, `force_triggle`, `remark`) VALUES (276, 5, 1, 'member', 'testCronDailyFailed', 'CRON', 'YES', '0/5 * * * * ?', 20170316, 0, 0, 'testCronDailyFailed,3', 1489919020030, 1489919020068, 'FAILED', '127.0.0.1', 'DEFAULT', 1489919020030, 1, 0, 'client throw a exception');
INSERT INTO `cuckoo_job_exec_log` (`id`, `job_id`, `group_id`, `job_class_application`, `job_name`, `trigger_type`, `type_daily`, `cron_expression`, `tx_date`, `flow_last_time`, `flow_cur_time`, `cuckoo_parallel_job_args`, `job_start_time`, `job_end_time`, `exec_job_status`, `cuckoo_client_ip`, `cuckoo_client_tag`, `latest_check_time`, `need_triggle_next`, `force_triggle`, `remark`) VALUES (277, 5, 1, 'member', 'testCronDailyFailed', 'CRON', 'YES', '0/5 * * * * ?', 20170316, 0, 0, 'testCronDailyFailed,3', 1489919025021, 1489919025057, 'FAILED', '127.0.0.1', 'DEFAULT', 1489919025021, 1, 0, 'client throw a exception');
INSERT INTO `cuckoo_job_exec_log` (`id`, `job_id`, `group_id`, `job_class_application`, `job_name`, `trigger_type`, `type_daily`, `cron_expression`, `tx_date`, `flow_last_time`, `flow_cur_time`, `cuckoo_parallel_job_args`, `job_start_time`, `job_end_time`, `exec_job_status`, `cuckoo_client_ip`, `cuckoo_client_tag`, `latest_check_time`, `need_triggle_next`, `force_triggle`, `remark`) VALUES (278, 5, 1, 'member', 'testCronDailyFailed', 'CRON', 'YES', '0/5 * * * * ?', 20170316, 0, 0, 'testCronDailyFailed,3', 1489919030014, 1489919030047, 'FAILED', '127.0.0.1', 'DEFAULT', 1489919030014, 1, 0, 'client throw a exception');
INSERT INTO `cuckoo_job_exec_log` (`id`, `job_id`, `group_id`, `job_class_application`, `job_name`, `trigger_type`, `type_daily`, `cron_expression`, `tx_date`, `flow_last_time`, `flow_cur_time`, `cuckoo_parallel_job_args`, `job_start_time`, `job_end_time`, `exec_job_status`, `cuckoo_client_ip`, `cuckoo_client_tag`, `latest_check_time`, `need_triggle_next`, `force_triggle`, `remark`) VALUES (279, 5, 1, 'member', 'testCronDailyFailed', 'CRON', 'YES', '0/5 * * * * ?', 20170304, 0, 0, 'testCronDailyFailed,3', 1489919035026, 1489919035049, 'SUCCED', '127.0.0.1', 'DEFAULT', 1489919035026, 1, 0, 'client throw a exception');
INSERT INTO `cuckoo_job_exec_log` (`id`, `job_id`, `group_id`, `job_class_application`, `job_name`, `trigger_type`, `type_daily`, `cron_expression`, `tx_date`, `flow_last_time`, `flow_cur_time`, `cuckoo_parallel_job_args`, `job_start_time`, `job_end_time`, `exec_job_status`, `cuckoo_client_ip`, `cuckoo_client_tag`, `latest_check_time`, `need_triggle_next`, `force_triggle`, `remark`) VALUES (280, 5, 1, 'member', 'testCronDailyFailed', 'CRON', 'YES', '0/5 * * * * ?', 20170320, 0, 0, 'testCronDailyFailed,3', 1489919040016, 1489919040049, 'SUCCED', '127.0.0.1', 'DEFAULT', 1489919040016, 1, 0, 'client throw a exception');
INSERT INTO `cuckoo_job_exec_log` (`id`, `job_id`, `group_id`, `job_class_application`, `job_name`, `trigger_type`, `type_daily`, `cron_expression`, `tx_date`, `flow_last_time`, `flow_cur_time`, `cuckoo_parallel_job_args`, `job_start_time`, `job_end_time`, `exec_job_status`, `cuckoo_client_ip`, `cuckoo_client_tag`, `latest_check_time`, `need_triggle_next`, `force_triggle`, `remark`) VALUES (281, 4, 1, 'member', 'testCronDailySucced', 'CRON', 'YES', '0/5 * * * * ?', 20170301, 0, 0, 'testCronDailySucced,2', 1489919168559, 0, 'FAILED', '', '', 1489919168559, 0, 1, 'job exec error:remoteJobExecs can not get socket,jobLog:com.wjs.schedule.domain.exec.CuckooJobExecLog@21db8c16[id=281,jobId=4,groupId=1,jobClassApplication=member,jobName=testCronDailySucced,triggerType=CRON,typeDaily=YES,cronExpression=0/5 * * * * ?,txDate=20160101,flowLastTime=0,flowCurTime=0,cuckooParallelJobArgs=testCronDailySucced,2,jobStartTime=1489919168559,jobEndTime=0,execJobStatus=PENDING,cuckooClientIp=,cuckooClientTag=,latestCheckTime=1489919168559,needTriggleNext=false,for');
INSERT INTO `cuckoo_job_exec_log` (`id`, `job_id`, `group_id`, `job_class_application`, `job_name`, `trigger_type`, `type_daily`, `cron_expression`, `tx_date`, `flow_last_time`, `flow_cur_time`, `cuckoo_parallel_job_args`, `job_start_time`, `job_end_time`, `exec_job_status`, `cuckoo_client_ip`, `cuckoo_client_tag`, `latest_check_time`, `need_triggle_next`, `force_triggle`, `remark`) VALUES (282, 6, 1, 'member', 'testCronDailyDependencySucced', 'JOB', 'YES', '', 20170307, 0, 0, '', 1489999005866, 1489999066168, 'SUCCED', '127.0.0.1', 'DEFAULT', 1489999005866, 0, 1, 'succed');
INSERT INTO `cuckoo_job_exec_log` (`id`, `job_id`, `group_id`, `job_class_application`, `job_name`, `trigger_type`, `type_daily`, `cron_expression`, `tx_date`, `flow_last_time`, `flow_cur_time`, `cuckoo_parallel_job_args`, `job_start_time`, `job_end_time`, `exec_job_status`, `cuckoo_client_ip`, `cuckoo_client_tag`, `latest_check_time`, `need_triggle_next`, `force_triggle`, `remark`) VALUES (284, 6, 1, 'member', 'testCronDailyDependencySucced', 'JOB', 'YES', '', 20170301, 0, 0, '', 1490002118682, 1490003783770, 'SUCCED', '127.0.0.1', 'DEFAULT', 1490002118682, 0, 1, 'succed');
INSERT INTO `cuckoo_job_exec_log` (`id`, `job_id`, `group_id`, `job_class_application`, `job_name`, `trigger_type`, `type_daily`, `cron_expression`, `tx_date`, `flow_last_time`, `flow_cur_time`, `cuckoo_parallel_job_args`, `job_start_time`, `job_end_time`, `exec_job_status`, `cuckoo_client_ip`, `cuckoo_client_tag`, `latest_check_time`, `need_triggle_next`, `force_triggle`, `remark`) VALUES (285, 6, 1, 'member', 'testCronDailyDependencySucced', 'JOB', 'YES', '', 20170302, 0, 0, '', 1490007569512, 1490007629701, 'SUCCED', '127.0.0.1', 'DEFAULT', 1490007569512, 0, 1, 'succed');
INSERT INTO `cuckoo_job_exec_log` (`id`, `job_id`, `group_id`, `job_class_application`, `job_name`, `trigger_type`, `type_daily`, `cron_expression`, `tx_date`, `flow_last_time`, `flow_cur_time`, `cuckoo_parallel_job_args`, `job_start_time`, `job_end_time`, `exec_job_status`, `cuckoo_client_ip`, `cuckoo_client_tag`, `latest_check_time`, `need_triggle_next`, `force_triggle`, `remark`) VALUES (286, 4, 1, 'member', 'testCronDailySucced', 'CRON', 'YES', '0/5 * * * * ?', 20170304, 0, 0, 'testCronDailySucced,2', 1490007772784, 1490007832846, 'SUCCED', '127.0.0.1', 'DEFAULT', 1490007772784, 1, 1, 'succed');
INSERT INTO `cuckoo_job_exec_log` (`id`, `job_id`, `group_id`, `job_class_application`, `job_name`, `trigger_type`, `type_daily`, `cron_expression`, `tx_date`, `flow_last_time`, `flow_cur_time`, `cuckoo_parallel_job_args`, `job_start_time`, `job_end_time`, `exec_job_status`, `cuckoo_client_ip`, `cuckoo_client_tag`, `latest_check_time`, `need_triggle_next`, `force_triggle`, `remark`) VALUES (287, 6, 1, 'member', 'testCronDailyDependencySucced', 'JOB', 'YES', '', 20170304, 0, 0, '', 1490007832868, 1490007892934, 'SUCCED', '127.0.0.1', 'DEFAULT', 1490007832868, 1, 1, 'succed');
INSERT INTO `cuckoo_job_exec_log` (`id`, `job_id`, `group_id`, `job_class_application`, `job_name`, `trigger_type`, `type_daily`, `cron_expression`, `tx_date`, `flow_last_time`, `flow_cur_time`, `cuckoo_parallel_job_args`, `job_start_time`, `job_end_time`, `exec_job_status`, `cuckoo_client_ip`, `cuckoo_client_tag`, `latest_check_time`, `need_triggle_next`, `force_triggle`, `remark`) VALUES (289, 6, 1, 'member', 'testFlowDailySucced', 'JOB', 'YES', '', 20150101, 0, 0, '', 1490008811939, 1490008872095, 'SUCCED', '127.0.0.1', 'DEFAULT', 1490008811939, 0, 1, 'succed');
INSERT INTO `cuckoo_job_exec_log` (`id`, `job_id`, `group_id`, `job_class_application`, `job_name`, `trigger_type`, `type_daily`, `cron_expression`, `tx_date`, `flow_last_time`, `flow_cur_time`, `cuckoo_parallel_job_args`, `job_start_time`, `job_end_time`, `exec_job_status`, `cuckoo_client_ip`, `cuckoo_client_tag`, `latest_check_time`, `need_triggle_next`, `force_triggle`, `remark`) VALUES (290, 4, 1, 'member', 'testCronDailySucced', 'CRON', 'YES', '0/5 * * * * ?', 20160101, 0, 0, 'testCronDailySucced,2', 1490009228966, 0, 'FAILED', '', '', 1490009228966, 0, 1, 'job exec error:remoteJobExecs can not get socket,jobLog:com.wjs.schedule.domain.exec.CuckooJobExecLog@57bd2733[id=290,jobId=4,groupId=1,jobClassApplication=member,jobName=testCronDailySucced,triggerType=CRON,typeDaily=YES,cronExpression=0/5 * * * * ?,txDate=20160101,flowLastTime=0,flowCurTime=0,cuckooParallelJobArgs=testCronDailySucced,2,jobStartTime=1490009228966,jobEndTime=0,execJobStatus=PENDING,cuckooClientIp=,cuckooClientTag=,latestCheckTime=1490009228966,needTriggleNext=false,for');
INSERT INTO `cuckoo_job_exec_log` (`id`, `job_id`, `group_id`, `job_class_application`, `job_name`, `trigger_type`, `type_daily`, `cron_expression`, `tx_date`, `flow_last_time`, `flow_cur_time`, `cuckoo_parallel_job_args`, `job_start_time`, `job_end_time`, `exec_job_status`, `cuckoo_client_ip`, `cuckoo_client_tag`, `latest_check_time`, `need_triggle_next`, `force_triggle`, `remark`) VALUES (291, 4, 1, 'member', 'testCronDailySucced', 'CRON', 'YES', '0/5 * * * * ?', 20160101, 0, 0, 'testCronDailySucced,2', 1490009331407, 1490009391521, 'SUCCED', '127.0.0.1', 'DEFAULT', 1490009331407, 0, 1, 'succed');
INSERT INTO `cuckoo_job_exec_log` (`id`, `job_id`, `group_id`, `job_class_application`, `job_name`, `trigger_type`, `type_daily`, `cron_expression`, `tx_date`, `flow_last_time`, `flow_cur_time`, `cuckoo_parallel_job_args`, `job_start_time`, `job_end_time`, `exec_job_status`, `cuckoo_client_ip`, `cuckoo_client_tag`, `latest_check_time`, `need_triggle_next`, `force_triggle`, `remark`) VALUES (292, 6, 1, 'member', 'testFlowDailyDependencySucced', 'JOB', 'YES', '', 20160101, 0, 0, '', 1490009391534, 1490009451590, 'SUCCED', '127.0.0.1', 'DEFAULT', 1490009391534, 0, 1, 'succed');
INSERT INTO `cuckoo_job_exec_log` (`id`, `job_id`, `group_id`, `job_class_application`, `job_name`, `trigger_type`, `type_daily`, `cron_expression`, `tx_date`, `flow_last_time`, `flow_cur_time`, `cuckoo_parallel_job_args`, `job_start_time`, `job_end_time`, `exec_job_status`, `cuckoo_client_ip`, `cuckoo_client_tag`, `latest_check_time`, `need_triggle_next`, `force_triggle`, `remark`) VALUES (293, 8, 1, 'member', 'testFlowDailySucced', 'JOB', 'YES', '', 20160101, 0, 0, '2,3,4,4', 1490009391542, 1490009451611, 'SUCCED', '127.0.0.1', 'DEFAULT', 1490009391542, 0, 1, 'succed');
INSERT INTO `cuckoo_job_exec_log` (`id`, `job_id`, `group_id`, `job_class_application`, `job_name`, `trigger_type`, `type_daily`, `cron_expression`, `tx_date`, `flow_last_time`, `flow_cur_time`, `cuckoo_parallel_job_args`, `job_start_time`, `job_end_time`, `exec_job_status`, `cuckoo_client_ip`, `cuckoo_client_tag`, `latest_check_time`, `need_triggle_next`, `force_triggle`, `remark`) VALUES (294, 4, 1, 'member', 'testCronDailySucced', 'CRON', 'YES', '0/5 * * * * ?', 20160201, 0, 0, 'testCronDailySucced,2', 1490009830756, 1490009890955, 'SUCCED', '127.0.0.1', 'DEFAULT', 1490009830756, 0, 1, 'succed');
INSERT INTO `cuckoo_job_exec_log` (`id`, `job_id`, `group_id`, `job_class_application`, `job_name`, `trigger_type`, `type_daily`, `cron_expression`, `tx_date`, `flow_last_time`, `flow_cur_time`, `cuckoo_parallel_job_args`, `job_start_time`, `job_end_time`, `exec_job_status`, `cuckoo_client_ip`, `cuckoo_client_tag`, `latest_check_time`, `need_triggle_next`, `force_triggle`, `remark`) VALUES (295, 6, 1, 'member', 'testFlowDailyDependencySucced', 'JOB', 'YES', '', 20160201, 0, 0, '', 1490009890975, 1490009951030, 'SUCCED', '127.0.0.1', 'DEFAULT', 1490009890975, 0, 1, 'succed');
INSERT INTO `cuckoo_job_exec_log` (`id`, `job_id`, `group_id`, `job_class_application`, `job_name`, `trigger_type`, `type_daily`, `cron_expression`, `tx_date`, `flow_last_time`, `flow_cur_time`, `cuckoo_parallel_job_args`, `job_start_time`, `job_end_time`, `exec_job_status`, `cuckoo_client_ip`, `cuckoo_client_tag`, `latest_check_time`, `need_triggle_next`, `force_triggle`, `remark`) VALUES (296, 8, 1, 'member', 'testFlowDailySucced', 'JOB', 'YES', '', 20160201, 0, 0, '2,3,4,4', 1490009890988, 1490009951054, 'SUCCED', '127.0.0.1', 'DEFAULT', 1490009890988, 0, 1, 'succed');
INSERT INTO `cuckoo_job_exec_log` (`id`, `job_id`, `group_id`, `job_class_application`, `job_name`, `trigger_type`, `type_daily`, `cron_expression`, `tx_date`, `flow_last_time`, `flow_cur_time`, `cuckoo_parallel_job_args`, `job_start_time`, `job_end_time`, `exec_job_status`, `cuckoo_client_ip`, `cuckoo_client_tag`, `latest_check_time`, `need_triggle_next`, `force_triggle`, `remark`) VALUES (297, 4, 1, 'member', 'testCronDailySucced', 'CRON', 'YES', '0/5 * * * * ?', 20160202, 0, 0, 'testCronDailySucced,2', 1490010015420, 1490010075656, 'SUCCED', '127.0.0.1', 'DEFAULT', 1490010015420, 0, 1, 'succed');
INSERT INTO `cuckoo_job_exec_log` (`id`, `job_id`, `group_id`, `job_class_application`, `job_name`, `trigger_type`, `type_daily`, `cron_expression`, `tx_date`, `flow_last_time`, `flow_cur_time`, `cuckoo_parallel_job_args`, `job_start_time`, `job_end_time`, `exec_job_status`, `cuckoo_client_ip`, `cuckoo_client_tag`, `latest_check_time`, `need_triggle_next`, `force_triggle`, `remark`) VALUES (298, 4, 1, 'member', 'testCronDailySucced', 'CRON', 'YES', '0/5 * * * * ?', 20160301, 0, 0, 'testCronDailySucced,2', 1490010105720, 1490010165769, 'SUCCED', '127.0.0.1', 'DEFAULT', 1490010105720, 1, 1, 'succed');
INSERT INTO `cuckoo_job_exec_log` (`id`, `job_id`, `group_id`, `job_class_application`, `job_name`, `trigger_type`, `type_daily`, `cron_expression`, `tx_date`, `flow_last_time`, `flow_cur_time`, `cuckoo_parallel_job_args`, `job_start_time`, `job_end_time`, `exec_job_status`, `cuckoo_client_ip`, `cuckoo_client_tag`, `latest_check_time`, `need_triggle_next`, `force_triggle`, `remark`) VALUES (299, 6, 1, 'member', 'testFlowDailyDependencySucced', 'JOB', 'YES', '', 20160301, 0, 0, '', 1490010165784, 1490010225840, 'SUCCED', '127.0.0.1', 'DEFAULT', 1490010165784, 1, 1, 'succed');
INSERT INTO `cuckoo_job_exec_log` (`id`, `job_id`, `group_id`, `job_class_application`, `job_name`, `trigger_type`, `type_daily`, `cron_expression`, `tx_date`, `flow_last_time`, `flow_cur_time`, `cuckoo_parallel_job_args`, `job_start_time`, `job_end_time`, `exec_job_status`, `cuckoo_client_ip`, `cuckoo_client_tag`, `latest_check_time`, `need_triggle_next`, `force_triggle`, `remark`) VALUES (300, 8, 1, 'member', 'testFlowDailySucced', 'JOB', 'YES', '', 20160301, 0, 0, '2,3,4,4', 1490010165794, 1490010225850, 'SUCCED', '127.0.0.1', 'DEFAULT', 1490010165794, 1, 1, 'succed');
INSERT INTO `cuckoo_job_exec_log` (`id`, `job_id`, `group_id`, `job_class_application`, `job_name`, `trigger_type`, `type_daily`, `cron_expression`, `tx_date`, `flow_last_time`, `flow_cur_time`, `cuckoo_parallel_job_args`, `job_start_time`, `job_end_time`, `exec_job_status`, `cuckoo_client_ip`, `cuckoo_client_tag`, `latest_check_time`, `need_triggle_next`, `force_triggle`, `remark`) VALUES (301, 4, 1, 'member', 'testCronDailySucced', 'CRON', 'YES', '0/5 * * * * ?', 20170320, 0, 0, 'testCronDailySucced,2', 1490010250014, 1490010250041, 'SUCCED', '127.0.0.1', 'DEFAULT', 1490010250014, 1, 0, 'succed');
INSERT INTO `cuckoo_job_exec_log` (`id`, `job_id`, `group_id`, `job_class_application`, `job_name`, `trigger_type`, `type_daily`, `cron_expression`, `tx_date`, `flow_last_time`, `flow_cur_time`, `cuckoo_parallel_job_args`, `job_start_time`, `job_end_time`, `exec_job_status`, `cuckoo_client_ip`, `cuckoo_client_tag`, `latest_check_time`, `need_triggle_next`, `force_triggle`, `remark`) VALUES (304, 4, 1, 'member', 'testCronDailySucced', 'CRON', 'YES', '0/5 * * * * ?', 20170320, 0, 0, 'testCronDailySucced,2', 1490010255019, 1490010255044, 'SUCCED', '127.0.0.1', 'DEFAULT', 1490010255019, 1, 0, 'succed');
INSERT INTO `cuckoo_job_exec_log` (`id`, `job_id`, `group_id`, `job_class_application`, `job_name`, `trigger_type`, `type_daily`, `cron_expression`, `tx_date`, `flow_last_time`, `flow_cur_time`, `cuckoo_parallel_job_args`, `job_start_time`, `job_end_time`, `exec_job_status`, `cuckoo_client_ip`, `cuckoo_client_tag`, `latest_check_time`, `need_triggle_next`, `force_triggle`, `remark`) VALUES (305, 6, 1, 'member', 'testFlowDailyDependencySucced', 'JOB', 'YES', '', 20170320, 0, 0, '', 1490010255051, 1490010315105, 'SUCCED', '127.0.0.1', 'DEFAULT', 1490010255051, 1, 0, 'succed');
INSERT INTO `cuckoo_job_exec_log` (`id`, `job_id`, `group_id`, `job_class_application`, `job_name`, `trigger_type`, `type_daily`, `cron_expression`, `tx_date`, `flow_last_time`, `flow_cur_time`, `cuckoo_parallel_job_args`, `job_start_time`, `job_end_time`, `exec_job_status`, `cuckoo_client_ip`, `cuckoo_client_tag`, `latest_check_time`, `need_triggle_next`, `force_triggle`, `remark`) VALUES (307, 4, 1, 'member', 'testCronDailySucced', 'CRON', 'YES', '0/5 * * * * ?', 20170320, 0, 0, 'testCronDailySucced,2', 1490010980038, 0, 'FAILED', '', '', 1490010980038, 1, 0, 'job exec error:remoteJobExecs can not get socket,jobLog:com.wjs.schedule.domain.exec.CuckooJobExecLog@559e45f4[id=307,jobId=4,groupId=1,jobClassApplication=member,jobName=testCronDailySucced,triggerType=CRON,typeDaily=YES,cronExpression=0/5 * * * * ?,txDate=20170320,flowLastTime=<null>,flowCurTime=<null>,cuckooParallelJobArgs=testCronDailySucced,2,jobStartTime=1490010980038,jobEndTime=<null>,execJobStatus=PENDING,cuckooClientIp=<null>,cuckooClientTag=<null>,latestCheckTime=149001098003');
INSERT INTO `cuckoo_job_exec_log` (`id`, `job_id`, `group_id`, `job_class_application`, `job_name`, `trigger_type`, `type_daily`, `cron_expression`, `tx_date`, `flow_last_time`, `flow_cur_time`, `cuckoo_parallel_job_args`, `job_start_time`, `job_end_time`, `exec_job_status`, `cuckoo_client_ip`, `cuckoo_client_tag`, `latest_check_time`, `need_triggle_next`, `force_triggle`, `remark`) VALUES (308, 4, 1, 'member', 'testCronDailySucced', 'CRON', 'YES', '0/5 * * * * ?', 20170320, 0, 0, 'testCronDailySucced,2', 1490010985016, 0, 'FAILED', '', '', 1490010985016, 1, 0, 'job exec error:remoteJobExecs can not get socket,jobLog:com.wjs.schedule.domain.exec.CuckooJobExecLog@e589ac6[id=308,jobId=4,groupId=1,jobClassApplication=member,jobName=testCronDailySucced,triggerType=CRON,typeDaily=YES,cronExpression=0/5 * * * * ?,txDate=20170320,flowLastTime=<null>,flowCurTime=<null>,cuckooParallelJobArgs=testCronDailySucced,2,jobStartTime=1490010985016,jobEndTime=<null>,execJobStatus=PENDING,cuckooClientIp=<null>,cuckooClientTag=<null>,latestCheckTime=1490010985016');
INSERT INTO `cuckoo_job_exec_log` (`id`, `job_id`, `group_id`, `job_class_application`, `job_name`, `trigger_type`, `type_daily`, `cron_expression`, `tx_date`, `flow_last_time`, `flow_cur_time`, `cuckoo_parallel_job_args`, `job_start_time`, `job_end_time`, `exec_job_status`, `cuckoo_client_ip`, `cuckoo_client_tag`, `latest_check_time`, `need_triggle_next`, `force_triggle`, `remark`) VALUES (309, 4, 1, 'member', 'testCronDailySucced', 'CRON', 'YES', '0/5 * * * * ?', 20170320, 0, 0, 'testCronDailySucced,2', 1490010990014, 0, 'FAILED', '', '', 1490010990014, 1, 0, 'job exec error:remoteJobExecs can not get socket,jobLog:com.wjs.schedule.domain.exec.CuckooJobExecLog@40bc74a0[id=309,jobId=4,groupId=1,jobClassApplication=member,jobName=testCronDailySucced,triggerType=CRON,typeDaily=YES,cronExpression=0/5 * * * * ?,txDate=20170320,flowLastTime=<null>,flowCurTime=<null>,cuckooParallelJobArgs=testCronDailySucced,2,jobStartTime=1490010990014,jobEndTime=<null>,execJobStatus=PENDING,cuckooClientIp=<null>,cuckooClientTag=<null>,latestCheckTime=149001099001');
INSERT INTO `cuckoo_job_exec_log` (`id`, `job_id`, `group_id`, `job_class_application`, `job_name`, `trigger_type`, `type_daily`, `cron_expression`, `tx_date`, `flow_last_time`, `flow_cur_time`, `cuckoo_parallel_job_args`, `job_start_time`, `job_end_time`, `exec_job_status`, `cuckoo_client_ip`, `cuckoo_client_tag`, `latest_check_time`, `need_triggle_next`, `force_triggle`, `remark`) VALUES (310, 4, 1, 'member', 'testCronDailySucced', 'CRON', 'YES', '0/5 * * * * ?', 20170320, 0, 0, 'testCronDailySucced,2', 1490010995016, 1490010995105, 'SUCCED', '127.0.0.1', 'DEFAULT', 1490010995016, 1, 0, 'succed');
INSERT INTO `cuckoo_job_exec_log` (`id`, `job_id`, `group_id`, `job_class_application`, `job_name`, `trigger_type`, `type_daily`, `cron_expression`, `tx_date`, `flow_last_time`, `flow_cur_time`, `cuckoo_parallel_job_args`, `job_start_time`, `job_end_time`, `exec_job_status`, `cuckoo_client_ip`, `cuckoo_client_tag`, `latest_check_time`, `need_triggle_next`, `force_triggle`, `remark`) VALUES (312, 8, 1, 'member', 'testFlowDailySucced', 'JOB', 'YES', '', 20170320, 0, 0, '2,3,4,4', 1490010995146, 1490012156962, 'SUCCED', '127.0.0.1', 'DEFAULT', 1490010995146, 1, 0, 'succed');
INSERT INTO `cuckoo_job_exec_log` (`id`, `job_id`, `group_id`, `job_class_application`, `job_name`, `trigger_type`, `type_daily`, `cron_expression`, `tx_date`, `flow_last_time`, `flow_cur_time`, `cuckoo_parallel_job_args`, `job_start_time`, `job_end_time`, `exec_job_status`, `cuckoo_client_ip`, `cuckoo_client_tag`, `latest_check_time`, `need_triggle_next`, `force_triggle`, `remark`) VALUES (313, 4, 1, 'member', 'testCronDailySucced', 'CRON', 'YES', '0/5 * * * * ?', 20170320, 0, 0, 'testCronDailySucced,2', 1490011000015, 1490011000040, 'SUCCED', '127.0.0.1', 'DEFAULT', 1490011000015, 1, 0, 'succed');
INSERT INTO `cuckoo_job_exec_log` (`id`, `job_id`, `group_id`, `job_class_application`, `job_name`, `trigger_type`, `type_daily`, `cron_expression`, `tx_date`, `flow_last_time`, `flow_cur_time`, `cuckoo_parallel_job_args`, `job_start_time`, `job_end_time`, `exec_job_status`, `cuckoo_client_ip`, `cuckoo_client_tag`, `latest_check_time`, `need_triggle_next`, `force_triggle`, `remark`) VALUES (316, 4, 1, 'member', 'testCronDailySucced', 'CRON', 'YES', '0/5 * * * * ?', 20170320, 0, 0, 'testCronDailySucced,2', 1490012180018, 1490012180054, 'SUCCED', '127.0.0.1', 'DEFAULT', 1490012180018, 1, 0, 'succed');
INSERT INTO `cuckoo_job_exec_log` (`id`, `job_id`, `group_id`, `job_class_application`, `job_name`, `trigger_type`, `type_daily`, `cron_expression`, `tx_date`, `flow_last_time`, `flow_cur_time`, `cuckoo_parallel_job_args`, `job_start_time`, `job_end_time`, `exec_job_status`, `cuckoo_client_ip`, `cuckoo_client_tag`, `latest_check_time`, `need_triggle_next`, `force_triggle`, `remark`) VALUES (317, 6, 1, 'member', 'testFlowDailyDependencySucced', 'JOB', 'YES', '', 20170320, 0, 0, '', 1490012180074, 1490012300166, 'SUCCED', '127.0.0.1', 'DEFAULT', 1490012180074, 1, 0, 'succed');
INSERT INTO `cuckoo_job_exec_log` (`id`, `job_id`, `group_id`, `job_class_application`, `job_name`, `trigger_type`, `type_daily`, `cron_expression`, `tx_date`, `flow_last_time`, `flow_cur_time`, `cuckoo_parallel_job_args`, `job_start_time`, `job_end_time`, `exec_job_status`, `cuckoo_client_ip`, `cuckoo_client_tag`, `latest_check_time`, `need_triggle_next`, `force_triggle`, `remark`) VALUES (318, 8, 1, 'member', 'testFlowDailySucced', 'JOB', 'YES', '', 20170320, 0, 0, '2,3,4,4', 1490012180102, 1490012240178, 'SUCCED', '127.0.0.1', 'DEFAULT', 1490012180102, 1, 0, 'succed');
INSERT INTO `cuckoo_job_exec_log` (`id`, `job_id`, `group_id`, `job_class_application`, `job_name`, `trigger_type`, `type_daily`, `cron_expression`, `tx_date`, `flow_last_time`, `flow_cur_time`, `cuckoo_parallel_job_args`, `job_start_time`, `job_end_time`, `exec_job_status`, `cuckoo_client_ip`, `cuckoo_client_tag`, `latest_check_time`, `need_triggle_next`, `force_triggle`, `remark`) VALUES (319, 4, 1, 'member', 'testCronDailySucced', 'CRON', 'YES', '0/5 * * * * ?', 20170320, 0, 0, 'testCronDailySucced,2', 1490012185025, 1490012185062, 'SUCCED', '127.0.0.1', 'DEFAULT', 1490012185025, 1, 0, 'succed');
INSERT INTO `cuckoo_job_exec_log` (`id`, `job_id`, `group_id`, `job_class_application`, `job_name`, `trigger_type`, `type_daily`, `cron_expression`, `tx_date`, `flow_last_time`, `flow_cur_time`, `cuckoo_parallel_job_args`, `job_start_time`, `job_end_time`, `exec_job_status`, `cuckoo_client_ip`, `cuckoo_client_tag`, `latest_check_time`, `need_triggle_next`, `force_triggle`, `remark`) VALUES (320, 6, 1, 'member', 'testFlowDailyDependencySucced', 'JOB', 'YES', '', 20170320, 0, 0, '', 1490012185074, 1490012305141, 'SUCCED', '127.0.0.1', 'DEFAULT', 1490012185074, 1, 0, 'succed');
INSERT INTO `cuckoo_job_exec_log` (`id`, `job_id`, `group_id`, `job_class_application`, `job_name`, `trigger_type`, `type_daily`, `cron_expression`, `tx_date`, `flow_last_time`, `flow_cur_time`, `cuckoo_parallel_job_args`, `job_start_time`, `job_end_time`, `exec_job_status`, `cuckoo_client_ip`, `cuckoo_client_tag`, `latest_check_time`, `need_triggle_next`, `force_triggle`, `remark`) VALUES (321, 8, 1, 'member', 'testFlowDailySucced', 'JOB', 'YES', '', 20170320, 0, 0, '2,3,4,4', 1490012185089, 1490012245148, 'SUCCED', '127.0.0.1', 'DEFAULT', 1490012185089, 1, 0, 'succed');
INSERT INTO `cuckoo_job_exec_log` (`id`, `job_id`, `group_id`, `job_class_application`, `job_name`, `trigger_type`, `type_daily`, `cron_expression`, `tx_date`, `flow_last_time`, `flow_cur_time`, `cuckoo_parallel_job_args`, `job_start_time`, `job_end_time`, `exec_job_status`, `cuckoo_client_ip`, `cuckoo_client_tag`, `latest_check_time`, `need_triggle_next`, `force_triggle`, `remark`) VALUES (322, 8, 1, 'member', 'testFlowDailySucced', 'JOB', 'YES', '', 20101010, 0, 0, '2,3,4,4', 1490012491686, 0, 'FAILED', '', '', 1490012491686, 1, 1, 'job exec error:remoteJobExecs can not get socket,jobLog:com.wjs.schedule.domain.exec.CuckooJobExecLog@ac90383[id=322,jobId=8,groupId=1,jobClassApplication=member,jobName=testFlowDailySucced,triggerType=JOB,typeDaily=YES,cronExpression=,txDate=20101010,flowLastTime=0,flowCurTime=0,cuckooParallelJobArgs=2,3,4,4,jobStartTime=1490012491686,jobEndTime=0,execJobStatus=PENDING,cuckooClientIp=,cuckooClientTag=,latestCheckTime=1490012491686,needTriggleNext=true,forceTriggle=true,remark=]');
INSERT INTO `cuckoo_job_exec_log` (`id`, `job_id`, `group_id`, `job_class_application`, `job_name`, `trigger_type`, `type_daily`, `cron_expression`, `tx_date`, `flow_last_time`, `flow_cur_time`, `cuckoo_parallel_job_args`, `job_start_time`, `job_end_time`, `exec_job_status`, `cuckoo_client_ip`, `cuckoo_client_tag`, `latest_check_time`, `need_triggle_next`, `force_triggle`, `remark`) VALUES (323, 8, 1, 'member', 'testFlowDailySucced', 'JOB', 'YES', '', 20150106, 0, 0, '2,3,4,4', 1490012651436, 0, 'FAILED', '', '', 1490012651436, 1, 1, 'job exec error:remoteJobExecs can not get socket,jobLog:com.wjs.schedule.domain.exec.CuckooJobExecLog@306164e5[id=323,jobId=8,groupId=1,jobClassApplication=member,jobName=testFlowDailySucced,triggerType=JOB,typeDaily=YES,cronExpression=,txDate=20150106,flowLastTime=0,flowCurTime=0,cuckooParallelJobArgs=2,3,4,4,jobStartTime=1490012651436,jobEndTime=0,execJobStatus=PENDING,cuckooClientIp=,cuckooClientTag=,latestCheckTime=1490012651436,needTriggleNext=true,forceTriggle=true,remark=]');
INSERT INTO `cuckoo_job_exec_log` (`id`, `job_id`, `group_id`, `job_class_application`, `job_name`, `trigger_type`, `type_daily`, `cron_expression`, `tx_date`, `flow_last_time`, `flow_cur_time`, `cuckoo_parallel_job_args`, `job_start_time`, `job_end_time`, `exec_job_status`, `cuckoo_client_ip`, `cuckoo_client_tag`, `latest_check_time`, `need_triggle_next`, `force_triggle`, `remark`) VALUES (324, 8, 1, 'member', 'testFlowDailySucced', 'JOB', 'YES', '', 20160107, 0, 0, '2,3,4,4', 1490012809961, 1490012870165, 'SUCCED', '127.0.0.1', 'DEFAULT', 1490012809961, 1, 1, 'succed');
INSERT INTO `cuckoo_job_exec_log` (`id`, `job_id`, `group_id`, `job_class_application`, `job_name`, `trigger_type`, `type_daily`, `cron_expression`, `tx_date`, `flow_last_time`, `flow_cur_time`, `cuckoo_parallel_job_args`, `job_start_time`, `job_end_time`, `exec_job_status`, `cuckoo_client_ip`, `cuckoo_client_tag`, `latest_check_time`, `need_triggle_next`, `force_triggle`, `remark`) VALUES (325, 10, 1, 'member', 'testFlowDailyFailed', 'JOB', 'YES', '', 20160107, 0, 0, '1', 1490012870195, 1491012930244, 'RUNNING', '127.0.0.1', 'DEFAULT', 1490012870195, 1, 1, '');
INSERT INTO `cuckoo_job_exec_log` (`id`, `job_id`, `group_id`, `job_class_application`, `job_name`, `trigger_type`, `type_daily`, `cron_expression`, `tx_date`, `flow_last_time`, `flow_cur_time`, `cuckoo_parallel_job_args`, `job_start_time`, `job_end_time`, `exec_job_status`, `cuckoo_client_ip`, `cuckoo_client_tag`, `latest_check_time`, `need_triggle_next`, `force_triggle`, `remark`) VALUES (326, 4, 1, 'member', 'testCronDailySucced', 'CRON', 'YES', '0/5 * * * * ?', 20170320, 0, 0, 'testCronDailySucced,2', 1490013240023, 1490013240112, 'SUCCED', '127.0.0.1', 'DEFAULT', 1490013240023, 1, 0, 'succed');
INSERT INTO `cuckoo_job_exec_log` (`id`, `job_id`, `group_id`, `job_class_application`, `job_name`, `trigger_type`, `type_daily`, `cron_expression`, `tx_date`, `flow_last_time`, `flow_cur_time`, `cuckoo_parallel_job_args`, `job_start_time`, `job_end_time`, `exec_job_status`, `cuckoo_client_ip`, `cuckoo_client_tag`, `latest_check_time`, `need_triggle_next`, `force_triggle`, `remark`) VALUES (327, 6, 1, 'member', 'testFlowDailyDependencySucced', 'JOB', 'YES', '', 20170320, 0, 0, '', 1490013240119, 1490013300287, 'SUCCED', '127.0.0.1', 'DEFAULT', 1490013240119, 1, 0, 'succed');
INSERT INTO `cuckoo_job_exec_log` (`id`, `job_id`, `group_id`, `job_class_application`, `job_name`, `trigger_type`, `type_daily`, `cron_expression`, `tx_date`, `flow_last_time`, `flow_cur_time`, `cuckoo_parallel_job_args`, `job_start_time`, `job_end_time`, `exec_job_status`, `cuckoo_client_ip`, `cuckoo_client_tag`, `latest_check_time`, `need_triggle_next`, `force_triggle`, `remark`) VALUES (328, 8, 1, 'member', 'testFlowDailySucced', 'JOB', 'YES', '', 20170320, 0, 0, '2,3,4,4', 1490013240126, 1490013300296, 'SUCCED', '127.0.0.1', 'DEFAULT', 1490013240126, 1, 0, 'succed');
INSERT INTO `cuckoo_job_exec_log` (`id`, `job_id`, `group_id`, `job_class_application`, `job_name`, `trigger_type`, `type_daily`, `cron_expression`, `tx_date`, `flow_last_time`, `flow_cur_time`, `cuckoo_parallel_job_args`, `job_start_time`, `job_end_time`, `exec_job_status`, `cuckoo_client_ip`, `cuckoo_client_tag`, `latest_check_time`, `need_triggle_next`, `force_triggle`, `remark`) VALUES (329, 11, 1, 'member', 'testFlowUnDailySucced', 'JOB', 'NO', '', 20170320, 0, 0, '111', 1490013240134, 1490013300277, 'SUCCED', '127.0.0.1', 'DEFAULT', 1490013240134, 1, 0, 'succed');
INSERT INTO `cuckoo_job_exec_log` (`id`, `job_id`, `group_id`, `job_class_application`, `job_name`, `trigger_type`, `type_daily`, `cron_expression`, `tx_date`, `flow_last_time`, `flow_cur_time`, `cuckoo_parallel_job_args`, `job_start_time`, `job_end_time`, `exec_job_status`, `cuckoo_client_ip`, `cuckoo_client_tag`, `latest_check_time`, `need_triggle_next`, `force_triggle`, `remark`) VALUES (330, 4, 1, 'member', 'testCronDailySucced', 'CRON', 'YES', '0/5 * * * * ?', 20170320, 0, 0, 'testCronDailySucced,2', 1490013245010, 1490013245033, 'SUCCED', '127.0.0.1', 'DEFAULT', 1490013245010, 1, 0, 'succed');
INSERT INTO `cuckoo_job_exec_log` (`id`, `job_id`, `group_id`, `job_class_application`, `job_name`, `trigger_type`, `type_daily`, `cron_expression`, `tx_date`, `flow_last_time`, `flow_cur_time`, `cuckoo_parallel_job_args`, `job_start_time`, `job_end_time`, `exec_job_status`, `cuckoo_client_ip`, `cuckoo_client_tag`, `latest_check_time`, `need_triggle_next`, `force_triggle`, `remark`) VALUES (331, 6, 1, 'member', 'testFlowDailyDependencySucced', 'JOB', 'YES', '', 20170320, 0, 0, '', 1490013245038, 1490013305115, 'SUCCED', '127.0.0.1', 'DEFAULT', 1490013245038, 1, 0, 'succed');
INSERT INTO `cuckoo_job_exec_log` (`id`, `job_id`, `group_id`, `job_class_application`, `job_name`, `trigger_type`, `type_daily`, `cron_expression`, `tx_date`, `flow_last_time`, `flow_cur_time`, `cuckoo_parallel_job_args`, `job_start_time`, `job_end_time`, `exec_job_status`, `cuckoo_client_ip`, `cuckoo_client_tag`, `latest_check_time`, `need_triggle_next`, `force_triggle`, `remark`) VALUES (332, 8, 1, 'member', 'testFlowDailySucced', 'JOB', 'YES', '', 20170320, 0, 0, '2,3,4,4', 1490013245045, 1490013305123, 'SUCCED', '127.0.0.1', 'DEFAULT', 1490013245045, 1, 0, 'succed');
INSERT INTO `cuckoo_job_exec_log` (`id`, `job_id`, `group_id`, `job_class_application`, `job_name`, `trigger_type`, `type_daily`, `cron_expression`, `tx_date`, `flow_last_time`, `flow_cur_time`, `cuckoo_parallel_job_args`, `job_start_time`, `job_end_time`, `exec_job_status`, `cuckoo_client_ip`, `cuckoo_client_tag`, `latest_check_time`, `need_triggle_next`, `force_triggle`, `remark`) VALUES (333, 11, 1, 'member', 'testFlowUnDailySucced', 'JOB', 'NO', '', 20170320, 0, 0, '111', 1490013245054, 1490013305141, 'SUCCED', '127.0.0.1', 'DEFAULT', 1490013245054, 1, 0, 'succed');
INSERT INTO `cuckoo_job_exec_log` (`id`, `job_id`, `group_id`, `job_class_application`, `job_name`, `trigger_type`, `type_daily`, `cron_expression`, `tx_date`, `flow_last_time`, `flow_cur_time`, `cuckoo_parallel_job_args`, `job_start_time`, `job_end_time`, `exec_job_status`, `cuckoo_client_ip`, `cuckoo_client_tag`, `latest_check_time`, `need_triggle_next`, `force_triggle`, `remark`) VALUES (334, 10, 1, 'member', 'testFlowDailyFailed', 'JOB', 'YES', '', 20170320, 0, 0, '1', 1490013300304, 0, 'FAILED', '', '', 1490013300304, 1, 0, 'job exec error:remoteJobExecs can not get socket,jobLog:com.wjs.schedule.domain.exec.CuckooJobExecLog@12275aec[id=334,jobId=10,groupId=1,jobClassApplication=member,jobName=testFlowDailyFailed,triggerType=JOB,typeDaily=YES,cronExpression=,txDate=20170320,flowLastTime=0,flowCurTime=0,cuckooParallelJobArgs=1,jobStartTime=1490013300304,jobEndTime=0,execJobStatus=PENDING,cuckooClientIp=,cuckooClientTag=,latestCheckTime=1490013300304,needTriggleNext=true,forceTriggle=false,remark=]');
INSERT INTO `cuckoo_job_exec_log` (`id`, `job_id`, `group_id`, `job_class_application`, `job_name`, `trigger_type`, `type_daily`, `cron_expression`, `tx_date`, `flow_last_time`, `flow_cur_time`, `cuckoo_parallel_job_args`, `job_start_time`, `job_end_time`, `exec_job_status`, `cuckoo_client_ip`, `cuckoo_client_tag`, `latest_check_time`, `need_triggle_next`, `force_triggle`, `remark`) VALUES (335, 10, 1, 'member', 'testFlowDailyFailed', 'JOB', 'YES', '', 20170320, 0, 0, '1', 1490013305130, 0, 'FAILED', '', '', 1490013305130, 1, 0, 'job exec error:remoteJobExecs can not get socket,jobLog:com.wjs.schedule.domain.exec.CuckooJobExecLog@4688d32d[id=335,jobId=10,groupId=1,jobClassApplication=member,jobName=testFlowDailyFailed,triggerType=JOB,typeDaily=YES,cronExpression=,txDate=20170320,flowLastTime=0,flowCurTime=0,cuckooParallelJobArgs=1,jobStartTime=1490013305130,jobEndTime=0,execJobStatus=PENDING,cuckooClientIp=,cuckooClientTag=,latestCheckTime=1490013305130,needTriggleNext=true,forceTriggle=false,remark=]');
INSERT INTO `cuckoo_job_exec_log` (`id`, `job_id`, `group_id`, `job_class_application`, `job_name`, `trigger_type`, `type_daily`, `cron_expression`, `tx_date`, `flow_last_time`, `flow_cur_time`, `cuckoo_parallel_job_args`, `job_start_time`, `job_end_time`, `exec_job_status`, `cuckoo_client_ip`, `cuckoo_client_tag`, `latest_check_time`, `need_triggle_next`, `force_triggle`, `remark`) VALUES (336, 4, 1, 'member', 'testCronDailySucced', 'CRON', 'YES', '0/5 * * * * ?', 20170320, 0, 0, 'testCronDailySucced,2', 1490013510011, 1490013510137, 'SUCCED', '127.0.0.1', 'DEFAULT', 1490013510011, 1, 0, 'succed');
INSERT INTO `cuckoo_job_exec_log` (`id`, `job_id`, `group_id`, `job_class_application`, `job_name`, `trigger_type`, `type_daily`, `cron_expression`, `tx_date`, `flow_last_time`, `flow_cur_time`, `cuckoo_parallel_job_args`, `job_start_time`, `job_end_time`, `exec_job_status`, `cuckoo_client_ip`, `cuckoo_client_tag`, `latest_check_time`, `need_triggle_next`, `force_triggle`, `remark`) VALUES (337, 6, 1, 'member', 'testFlowDailyDependencySucced', 'JOB', 'YES', '', 20170320, 0, 0, '', 1490013510146, 1490013570236, 'SUCCED', '127.0.0.1', 'DEFAULT', 1490013510146, 1, 0, 'succed');
INSERT INTO `cuckoo_job_exec_log` (`id`, `job_id`, `group_id`, `job_class_application`, `job_name`, `trigger_type`, `type_daily`, `cron_expression`, `tx_date`, `flow_last_time`, `flow_cur_time`, `cuckoo_parallel_job_args`, `job_start_time`, `job_end_time`, `exec_job_status`, `cuckoo_client_ip`, `cuckoo_client_tag`, `latest_check_time`, `need_triggle_next`, `force_triggle`, `remark`) VALUES (338, 8, 1, 'member', 'testFlowDailySucced', 'JOB', 'YES', '', 20170320, 0, 0, '2,3,4,4', 1490013510157, 1490013570245, 'SUCCED', '127.0.0.1', 'DEFAULT', 1490013510157, 1, 0, 'succed');
INSERT INTO `cuckoo_job_exec_log` (`id`, `job_id`, `group_id`, `job_class_application`, `job_name`, `trigger_type`, `type_daily`, `cron_expression`, `tx_date`, `flow_last_time`, `flow_cur_time`, `cuckoo_parallel_job_args`, `job_start_time`, `job_end_time`, `exec_job_status`, `cuckoo_client_ip`, `cuckoo_client_tag`, `latest_check_time`, `need_triggle_next`, `force_triggle`, `remark`) VALUES (339, 11, 1, 'member', 'testFlowUnDailySucced', 'JOB', 'NO', '', 20170320, 0, 0, '111', 1490013510165, 1490013570260, 'SUCCED', '127.0.0.1', 'DEFAULT', 1490013510165, 1, 0, 'succed');
INSERT INTO `cuckoo_job_exec_log` (`id`, `job_id`, `group_id`, `job_class_application`, `job_name`, `trigger_type`, `type_daily`, `cron_expression`, `tx_date`, `flow_last_time`, `flow_cur_time`, `cuckoo_parallel_job_args`, `job_start_time`, `job_end_time`, `exec_job_status`, `cuckoo_client_ip`, `cuckoo_client_tag`, `latest_check_time`, `need_triggle_next`, `force_triggle`, `remark`) VALUES (340, 12, 1, 'member', 'testFlowUnDailyFailed', 'JOB', 'YES', '', 20170320, 0, 0, '111', 1490013510180, 1490013570265, 'SUCCED', '127.0.0.1', 'DEFAULT', 1490013510180, 1, 0, 'Client exec done ,testFlowUnDailyFailed:com.wjs.schedule.bean.JobInfoBean@26586c39[jobLogId=340,jobId=12,jobName=testFlowUnDailyFailed,txDate=20170320,flowLastTime=0,flowCurrTime=0,needTrigglerNext=true,cuckooParallelJobArgs=111,errMessage=<null>]');
INSERT INTO `cuckoo_job_exec_log` (`id`, `job_id`, `group_id`, `job_class_application`, `job_name`, `trigger_type`, `type_daily`, `cron_expression`, `tx_date`, `flow_last_time`, `flow_cur_time`, `cuckoo_parallel_job_args`, `job_start_time`, `job_end_time`, `exec_job_status`, `cuckoo_client_ip`, `cuckoo_client_tag`, `latest_check_time`, `need_triggle_next`, `force_triggle`, `remark`) VALUES (341, 4, 1, 'member', 'testCronDailySucced', 'CRON', 'YES', '0/5 * * * * ?', 20170320, 0, 0, 'testCronDailySucced,2', 1490013515009, 1490013515027, 'SUCCED', '127.0.0.1', 'DEFAULT', 1490013515009, 1, 0, 'succed');
INSERT INTO `cuckoo_job_exec_log` (`id`, `job_id`, `group_id`, `job_class_application`, `job_name`, `trigger_type`, `type_daily`, `cron_expression`, `tx_date`, `flow_last_time`, `flow_cur_time`, `cuckoo_parallel_job_args`, `job_start_time`, `job_end_time`, `exec_job_status`, `cuckoo_client_ip`, `cuckoo_client_tag`, `latest_check_time`, `need_triggle_next`, `force_triggle`, `remark`) VALUES (342, 6, 1, 'member', 'testFlowDailyDependencySucced', 'JOB', 'YES', '', 20170320, 0, 0, '', 1490013515033, 1490013575071, 'SUCCED', '127.0.0.1', 'DEFAULT', 1490013515033, 1, 0, 'succed');
INSERT INTO `cuckoo_job_exec_log` (`id`, `job_id`, `group_id`, `job_class_application`, `job_name`, `trigger_type`, `type_daily`, `cron_expression`, `tx_date`, `flow_last_time`, `flow_cur_time`, `cuckoo_parallel_job_args`, `job_start_time`, `job_end_time`, `exec_job_status`, `cuckoo_client_ip`, `cuckoo_client_tag`, `latest_check_time`, `need_triggle_next`, `force_triggle`, `remark`) VALUES (343, 8, 1, 'member', 'testFlowDailySucced', 'JOB', 'YES', '', 20170320, 0, 0, '2,3,4,4', 1490013515041, 1490013575089, 'PENDING', '127.0.0.1', 'DEFAULT', 1490013515041, 1, 0, 'succed');
INSERT INTO `cuckoo_job_exec_log` (`id`, `job_id`, `group_id`, `job_class_application`, `job_name`, `trigger_type`, `type_daily`, `cron_expression`, `tx_date`, `flow_last_time`, `flow_cur_time`, `cuckoo_parallel_job_args`, `job_start_time`, `job_end_time`, `exec_job_status`, `cuckoo_client_ip`, `cuckoo_client_tag`, `latest_check_time`, `need_triggle_next`, `force_triggle`, `remark`) VALUES (344, 11, 1, 'member', 'testFlowUnDailySucced', 'JOB', 'NO', '', 20170320, 0, 0, '111', 1490013515053, 1490013575117, 'SUCCED', '127.0.0.1', 'DEFAULT', 1490013515053, 1, 0, 'succed');
INSERT INTO `cuckoo_job_exec_log` (`id`, `job_id`, `group_id`, `job_class_application`, `job_name`, `trigger_type`, `type_daily`, `cron_expression`, `tx_date`, `flow_last_time`, `flow_cur_time`, `cuckoo_parallel_job_args`, `job_start_time`, `job_end_time`, `exec_job_status`, `cuckoo_client_ip`, `cuckoo_client_tag`, `latest_check_time`, `need_triggle_next`, `force_triggle`, `remark`) VALUES (345, 12, 1, 'member', 'testFlowUnDailyFailed', 'JOB', 'YES', '', 20170320, 0, 0, '111', 1490013515060, 1490013575129, 'FAILED', '127.0.0.1', 'DEFAULT', 1490013515060, 1, 0, 'Client exec done ,testFlowUnDailyFailed:com.wjs.schedule.bean.JobInfoBean@19d0ce88[jobLogId=345,jobId=12,jobName=testFlowUnDailyFailed,txDate=20170320,flowLastTime=0,flowCurrTime=0,needTrigglerNext=true,cuckooParallelJobArgs=111,errMessage=<null>]');
INSERT INTO `cuckoo_job_exec_log` (`id`, `job_id`, `group_id`, `job_class_application`, `job_name`, `trigger_type`, `type_daily`, `cron_expression`, `tx_date`, `flow_last_time`, `flow_cur_time`, `cuckoo_parallel_job_args`, `job_start_time`, `job_end_time`, `exec_job_status`, `cuckoo_client_ip`, `cuckoo_client_tag`, `latest_check_time`, `need_triggle_next`, `force_triggle`, `remark`) VALUES (346, 10, 1, 'member', 'testFlowDailyFailed', 'JOB', 'YES', '', 20170320, 0, 0, '1', 1490013570251, 1490013630290, 'FAILED', '127.0.0.1', 'DEFAULT', 1490013570251, 1, 0, '');
INSERT INTO `cuckoo_job_exec_log` (`id`, `job_id`, `group_id`, `job_class_application`, `job_name`, `trigger_type`, `type_daily`, `cron_expression`, `tx_date`, `flow_last_time`, `flow_cur_time`, `cuckoo_parallel_job_args`, `job_start_time`, `job_end_time`, `exec_job_status`, `cuckoo_client_ip`, `cuckoo_client_tag`, `latest_check_time`, `need_triggle_next`, `force_triggle`, `remark`) VALUES (347, 10, 1, 'member', 'testFlowDailyFailed', 'JOB', 'YES', '', 20170320, 0, 0, '1', 1490013575101, 1490013635133, 'SUCCED', '127.0.0.1', 'DEFAULT', 1490013575101, 1, 0, '');
INSERT INTO `cuckoo_job_exec_log` (`id`, `job_id`, `group_id`, `job_class_application`, `job_name`, `trigger_type`, `type_daily`, `cron_expression`, `tx_date`, `flow_last_time`, `flow_cur_time`, `cuckoo_parallel_job_args`, `job_start_time`, `job_end_time`, `exec_job_status`, `cuckoo_client_ip`, `cuckoo_client_tag`, `latest_check_time`, `need_triggle_next`, `force_triggle`, `remark`) VALUES (348, 10, 1, 'member', 'testFlowDailyFailed', 'JOB', 'YES', '', 20170320, 0, 0, '1', 1490063403649, 0, 'SUCCED', '', '', 1490063403649, 0, 1, 'job exec error:remoteJobExecs can not get socket,jobLog:com.wjs.schedule.domain.exec.CuckooJobExecLog@41a3cb7[id=348,jobId=10,groupId=1,jobClassApplication=member,jobName=testFlowDailyFailed,triggerType=JOB,typeDaily=YES,cronExpression=,txDate=20170320,flowLastTime=0,flowCurTime=0,cuckooParallelJobArgs=1,jobStartTime=1490063403649,jobEndTime=0,execJobStatus=PENDING,cuckooClientIp=,cuckooClientTag=,latestCheckTime=1490063403649,needTriggleNext=false,forceTriggle=true,remark=]');
INSERT INTO `cuckoo_job_exec_log` (`id`, `job_id`, `group_id`, `job_class_application`, `job_name`, `trigger_type`, `type_daily`, `cron_expression`, `tx_date`, `flow_last_time`, `flow_cur_time`, `cuckoo_parallel_job_args`, `job_start_time`, `job_end_time`, `exec_job_status`, `cuckoo_client_ip`, `cuckoo_client_tag`, `latest_check_time`, `need_triggle_next`, `force_triggle`, `remark`) VALUES (349, 10, 1, 'member', 'testFlowDailyFailed', 'JOB', 'YES', '', 20170320, 0, 0, '1', 1490063546430, 0, 'FAILED', '', '', 1490063546430, 0, 1, 'job exec error:remoteJobExecs can not get socket,jobLog:com.wjs.schedule.domain.exec.CuckooJobExecLog@5f144e9b[id=349,jobId=10,groupId=1,jobClassApplication=member,jobName=testFlowDailyFailed,triggerType=JOB,typeDaily=YES,cronExpression=,txDate=20170320,flowLastTime=0,flowCurTime=0,cuckooParallelJobArgs=1,jobStartTime=1490063546430,jobEndTime=0,execJobStatus=PENDING,cuckooClientIp=,cuckooClientTag=,latestCheckTime=1490063546430,needTriggleNext=false,forceTriggle=true,remark=]');
INSERT INTO `cuckoo_job_exec_log` (`id`, `job_id`, `group_id`, `job_class_application`, `job_name`, `trigger_type`, `type_daily`, `cron_expression`, `tx_date`, `flow_last_time`, `flow_cur_time`, `cuckoo_parallel_job_args`, `job_start_time`, `job_end_time`, `exec_job_status`, `cuckoo_client_ip`, `cuckoo_client_tag`, `latest_check_time`, `need_triggle_next`, `force_triggle`, `remark`) VALUES (350, 11, 1, 'member', 'testFlowUnDailySucced', 'JOB', 'NO', '', 20170320, 0, 0, '111', 1490063639880, 0, 'FAILED', '', '', 1490063639880, 0, 1, 'job exec error:remoteJobExecs can not get socket,jobLog:com.wjs.schedule.domain.exec.CuckooJobExecLog@56f45373[id=350,jobId=11,groupId=1,jobClassApplication=member,jobName=testFlowUnDailySucced,triggerType=JOB,typeDaily=NO,cronExpression=,txDate=20170320,flowLastTime=0,flowCurTime=0,cuckooParallelJobArgs=111,jobStartTime=1490063639880,jobEndTime=0,execJobStatus=PENDING,cuckooClientIp=,cuckooClientTag=,latestCheckTime=1490063639880,needTriggleNext=false,forceTriggle=true,remark=]');
INSERT INTO `cuckoo_job_exec_log` (`id`, `job_id`, `group_id`, `job_class_application`, `job_name`, `trigger_type`, `type_daily`, `cron_expression`, `tx_date`, `flow_last_time`, `flow_cur_time`, `cuckoo_parallel_job_args`, `job_start_time`, `job_end_time`, `exec_job_status`, `cuckoo_client_ip`, `cuckoo_client_tag`, `latest_check_time`, `need_triggle_next`, `force_triggle`, `remark`) VALUES (351, 11, 1, 'member', 'testFlowUnDailySucced', 'JOB', 'NO', '', 20170320, 0, 0, '111', 1490063726959, 1490063727205, 'SUCCED', '127.0.0.1', 'DEFAULT', 1490063726959, 0, 1, 'succed');
INSERT INTO `cuckoo_job_exec_log` (`id`, `job_id`, `group_id`, `job_class_application`, `job_name`, `trigger_type`, `type_daily`, `cron_expression`, `tx_date`, `flow_last_time`, `flow_cur_time`, `cuckoo_parallel_job_args`, `job_start_time`, `job_end_time`, `exec_job_status`, `cuckoo_client_ip`, `cuckoo_client_tag`, `latest_check_time`, `need_triggle_next`, `force_triggle`, `remark`) VALUES (352, 11, 1, 'member', 'testFlowUnDailySucced', 'JOB', 'NO', '', 20170320, 0, 0, '111', 1490064180511, 1490064180600, 'SUCCED', '127.0.0.1', 'DEFAULT', 1490064180511, 0, 1, 'succed');
INSERT INTO `cuckoo_job_exec_log` (`id`, `job_id`, `group_id`, `job_class_application`, `job_name`, `trigger_type`, `type_daily`, `cron_expression`, `tx_date`, `flow_last_time`, `flow_cur_time`, `cuckoo_parallel_job_args`, `job_start_time`, `job_end_time`, `exec_job_status`, `cuckoo_client_ip`, `cuckoo_client_tag`, `latest_check_time`, `need_triggle_next`, `force_triggle`, `remark`) VALUES (353, 11, 1, 'member', 'testFlowUnDailySucced', 'JOB', 'NO', '', 0, 1490068800000, 1490072400000, '111', 1490064355437, 1490064355503, 'SUCCED', '127.0.0.1', 'DEFAULT', 1490064355437, 0, 1, 'succed');
INSERT INTO `cuckoo_job_exec_log` (`id`, `job_id`, `group_id`, `job_class_application`, `job_name`, `trigger_type`, `type_daily`, `cron_expression`, `tx_date`, `flow_last_time`, `flow_cur_time`, `cuckoo_parallel_job_args`, `job_start_time`, `job_end_time`, `exec_job_status`, `cuckoo_client_ip`, `cuckoo_client_tag`, `latest_check_time`, `need_triggle_next`, `force_triggle`, `remark`) VALUES (354, 11, 1, 'member', 'testFlowUnDailySucced', 'JOB', 'NO', '', 0, 1490068800000, 1490072400000, '111', 1490064367970, 1490064368061, 'SUCCED', '127.0.0.1', 'DEFAULT', 1490064367970, 0, 1, 'succed');
INSERT INTO `cuckoo_job_exec_log` (`id`, `job_id`, `group_id`, `job_class_application`, `job_name`, `trigger_type`, `type_daily`, `cron_expression`, `tx_date`, `flow_last_time`, `flow_cur_time`, `cuckoo_parallel_job_args`, `job_start_time`, `job_end_time`, `exec_job_status`, `cuckoo_client_ip`, `cuckoo_client_tag`, `latest_check_time`, `need_triggle_next`, `force_triggle`, `remark`) VALUES (355, 13, 1, 'member', 'testCronJobAutoInit', 'CRON', 'NO', '0/5 * * * * ?', 0, 1451620800000, 1451624400000, '1,2,3', 1490102754175, 0, 'FAILED', '', '', 1490102754175, 0, 1, 'no executor fund, add job into todo queue,jobLog:com.wjs.schedule.domain.exec.CuckooJobExecLog@20a45c6a[id=355,jobId=13,groupId=1,jobClassApplication=member,jobName=testCronJobAutoInit,triggerType=CRON,typeDaily=NO,cronExpression=0/5 * * * * ?,txDate=0,flowLastTime=1451620800000,flowCurTime=1451624400000,cuckooParallelJobArgs=1,2,3,jobStartTime=1490102754175,jobEndTime=0,execJobStatus=PENDING,cuckooClientIp=,cuckooClientTag=,latestCheckTime=1490102754175,needTriggleNext=false,forceTrig');


