INSERT INTO `cuckoo_client_job_detail` (`id`, `job_class_application`, `cuckoo_client_ip`, `cuckoo_client_tag`, `cuckoo_client_status`, `job_name`, `bean_name`, `method_name`, `create_date`, `modify_date`) VALUES (1, 'member', '127.0.0.1', 'DEFAULT', 'RUNNING', 'testJob', 'cuckooTestTaskImpl', 'testJob', 1489334220605, 1489912955106);
INSERT INTO `cuckoo_client_job_detail` (`id`, `job_class_application`, `cuckoo_client_ip`, `cuckoo_client_tag`, `cuckoo_client_status`, `job_name`, `bean_name`, `method_name`, `create_date`, `modify_date`) VALUES (2, 'member', '127.0.0.1', 'DEFAULT', 'RUNNING', 'testJob2', 'cuckooTestTask2Impl', 'testJob', 1489334220631, 1489912955137);
INSERT INTO `cuckoo_client_job_detail` (`id`, `job_class_application`, `cuckoo_client_ip`, `cuckoo_client_tag`, `cuckoo_client_status`, `job_name`, `bean_name`, `method_name`, `create_date`, `modify_date`) VALUES (3, 'member', '127.0.0.1', 'DEFAULT', 'RUNNING', 'testCronDailyFailed', 'cuckooTestDailyJobImpl', 'testCronDailyFailed', 1489918313212, 1489919040035);
INSERT INTO `cuckoo_client_job_detail` (`id`, `job_class_application`, `cuckoo_client_ip`, `cuckoo_client_tag`, `cuckoo_client_status`, `job_name`, `bean_name`, `method_name`, `create_date`, `modify_date`) VALUES (4, 'member', '127.0.0.1', 'DEFAULT', 'RUNNING', 'testCronDailySucced', 'cuckooTestDailyJobImpl', 'testCronDailySucced', 1489918313244, 1490013515019);
INSERT INTO `cuckoo_client_job_detail` (`id`, `job_class_application`, `cuckoo_client_ip`, `cuckoo_client_tag`, `cuckoo_client_status`, `job_name`, `bean_name`, `method_name`, `create_date`, `modify_date`) VALUES (5, 'member', '127.0.0.1', 'DEFAULT', 'RUNNING', 'testCronUnDailySucced', 'cuckooTestUnDailyJobImpl', 'testCronUnDailySucced', 1489918313265, 1489918585066);
INSERT INTO `cuckoo_client_job_detail` (`id`, `job_class_application`, `cuckoo_client_ip`, `cuckoo_client_tag`, `cuckoo_client_status`, `job_name`, `bean_name`, `method_name`, `create_date`, `modify_date`) VALUES (6, 'member', '127.0.0.1', 'DEFAULT', 'RUNNING', 'testCronUnDailyFailed', 'cuckooTestUnDailyJobImpl', 'testCronUnDailyFailed', 1489918313288, 0);
INSERT INTO `cuckoo_client_job_detail` (`id`, `job_class_application`, `cuckoo_client_ip`, `cuckoo_client_tag`, `cuckoo_client_status`, `job_name`, `bean_name`, `method_name`, `create_date`, `modify_date`) VALUES (7, 'member', '127.0.0.1', 'DEFAULT', 'RUNNING', 'testCronDailyDependencySucced', 'cuckooTestDailyJobImpl', 'testCronDailyDependencySucced', 1489998424963, 1490007892918);
INSERT INTO `cuckoo_client_job_detail` (`id`, `job_class_application`, `cuckoo_client_ip`, `cuckoo_client_tag`, `cuckoo_client_status`, `job_name`, `bean_name`, `method_name`, `create_date`, `modify_date`) VALUES (8, 'member', '127.0.0.1', 'DEFAULT', 'RUNNING', 'testFlowDailySucced', 'cuckooTestDailyJobImpl', 'testFlowDailySucced', 1490008079658, 1490013575070);
INSERT INTO `cuckoo_client_job_detail` (`id`, `job_class_application`, `cuckoo_client_ip`, `cuckoo_client_tag`, `cuckoo_client_status`, `job_name`, `bean_name`, `method_name`, `create_date`, `modify_date`) VALUES (9, 'member', '127.0.0.1', 'DEFAULT', 'RUNNING', 'testFlowDailyDependencySucced', 'cuckooTestDailyJobImpl', 'testFlowDailyDependencySucced', 1490008442601, 1490013575054);
INSERT INTO `cuckoo_client_job_detail` (`id`, `job_class_application`, `cuckoo_client_ip`, `cuckoo_client_tag`, `cuckoo_client_status`, `job_name`, `bean_name`, `method_name`, `create_date`, `modify_date`) VALUES (10, 'member', '127.0.0.1', 'DEFAULT', 'RUNNING', 'testFlowDailyFailed', 'cuckooTestDailyJobImpl', 'testFlowDailyFailed', 1490012799502, 1490013635120);
INSERT INTO `cuckoo_client_job_detail` (`id`, `job_class_application`, `cuckoo_client_ip`, `cuckoo_client_tag`, `cuckoo_client_status`, `job_name`, `bean_name`, `method_name`, `create_date`, `modify_date`) VALUES (11, 'member', '127.0.0.1', 'DEFAULT', 'RUNNING', 'testFlowUnDailyDependencySucced', 'cuckooTestUnDailyJobImpl', 'testFlowUnDailyDependencySucced', 1490013071620, 0);
INSERT INTO `cuckoo_client_job_detail` (`id`, `job_class_application`, `cuckoo_client_ip`, `cuckoo_client_tag`, `cuckoo_client_status`, `job_name`, `bean_name`, `method_name`, `create_date`, `modify_date`) VALUES (12, 'member', '127.0.0.1', 'DEFAULT', 'RUNNING', 'testFlowUnDailySucced', 'cuckooTestUnDailyJobImpl', 'testFlowUnDailySucced', 1490013071632, 1490064368035);
INSERT INTO `cuckoo_client_job_detail` (`id`, `job_class_application`, `cuckoo_client_ip`, `cuckoo_client_tag`, `cuckoo_client_status`, `job_name`, `bean_name`, `method_name`, `create_date`, `modify_date`) VALUES (13, 'member', '127.0.0.1', 'DEFAULT', 'RUNNING', 'testFlowUnDailyFailed', 'cuckooTestUnDailyJobImpl', 'testFlowUnDailyFailed', 1490013071639, 1490013575116);
INSERT INTO `cuckoo_client_job_detail` (`id`, `job_class_application`, `cuckoo_client_ip`, `cuckoo_client_tag`, `cuckoo_client_status`, `job_name`, `bean_name`, `method_name`, `create_date`, `modify_date`) VALUES (14, 'member', '127.0.0.1', 'DEFAULT', 'RUNNING', 'testCronJobAutoInit', 'cuckooTestOther', 'testCronJobAutoInit', 1490167594975, 1490184660431);



INSERT INTO `cuckoo_job_dependency` (`id`, `job_id`, `dependency_job_id`) VALUES (5, 6, 4);
INSERT INTO `cuckoo_job_dependency` (`id`, `job_id`, `dependency_job_id`) VALUES (6, 6, 5);
INSERT INTO `cuckoo_job_dependency` (`id`, `job_id`, `dependency_job_id`) VALUES (9, 8, 4);
INSERT INTO `cuckoo_job_dependency` (`id`, `job_id`, `dependency_job_id`) VALUES (10, 10, 8);
INSERT INTO `cuckoo_job_dependency` (`id`, `job_id`, `dependency_job_id`) VALUES (11, 11, 4);
INSERT INTO `cuckoo_job_dependency` (`id`, `job_id`, `dependency_job_id`) VALUES (13, 12, 4);


INSERT INTO `cuckoo_job_detail` (`id`, `group_id`, `job_name`, `job_class_application`, `job_desc`, `trigger_type`, `cron_expression`, `type_daily`, `offset`, `job_status`, `cuckoo_parallel_job_args`) VALUES (1, 1, 'testCronUnDailySucced', 'member', 'CRON非日切任务--客户端执行成功', 'CRON', '0/5 * * * * ?', 'NO', 0, 'PAUSE', '1,2,3');
INSERT INTO `cuckoo_job_detail` (`id`, `group_id`, `job_name`, `job_class_application`, `job_desc`, `trigger_type`, `cron_expression`, `type_daily`, `offset`, `job_status`, `cuckoo_parallel_job_args`) VALUES (2, 1, 'testCronUnDailyFailed', 'member', 'CRON非日切任务--客户端执行失败测试', 'CRON', '0/5 * * * * ?', 'NO', 0, 'PAUSE', '4,5,6,7');
INSERT INTO `cuckoo_job_detail` (`id`, `group_id`, `job_name`, `job_class_application`, `job_desc`, `trigger_type`, `cron_expression`, `type_daily`, `offset`, `job_status`, `cuckoo_parallel_job_args`) VALUES (4, 1, 'testCronDailySucced', 'member', 'CRON日起任务-客户端成功', 'CRON', '0/5 * * * * ?', 'YES', 0, 'PAUSE', 'testCronDailySucced,2');
INSERT INTO `cuckoo_job_detail` (`id`, `group_id`, `job_name`, `job_class_application`, `job_desc`, `trigger_type`, `cron_expression`, `type_daily`, `offset`, `job_status`, `cuckoo_parallel_job_args`) VALUES (5, 1, 'testCronDailyFailed', 'member', 'Cron日切任务-客户端执行失败', 'CRON', '0/5 * * * * ?', 'YES', -3, 'PAUSE', 'testCronDailyFailed,3');
INSERT INTO `cuckoo_job_detail` (`id`, `group_id`, `job_name`, `job_class_application`, `job_desc`, `trigger_type`, `cron_expression`, `type_daily`, `offset`, `job_status`, `cuckoo_parallel_job_args`) VALUES (6, 1, 'testFlowDailyDependencySucced', 'member', 'Cron日切触发与依赖测试--客户端成功', 'JOB', '', 'YES', -1, 'PAUSE', '');
INSERT INTO `cuckoo_job_detail` (`id`, `group_id`, `job_name`, `job_class_application`, `job_desc`, `trigger_type`, `cron_expression`, `type_daily`, `offset`, `job_status`, `cuckoo_parallel_job_args`) VALUES (8, 1, 'testFlowDailySucced', 'member', '依赖日切任务-客户端执行成功', 'JOB', '', 'YES', 0, 'PAUSE', '2,3,4,4');
INSERT INTO `cuckoo_job_detail` (`id`, `group_id`, `job_name`, `job_class_application`, `job_desc`, `trigger_type`, `cron_expression`, `type_daily`, `offset`, `job_status`, `cuckoo_parallel_job_args`) VALUES (10, 1, 'testFlowDailyFailed', 'member', '被触发日切任务--客户端执行失败', 'JOB', '', 'YES', 1, 'PAUSE', '1');
INSERT INTO `cuckoo_job_detail` (`id`, `group_id`, `job_name`, `job_class_application`, `job_desc`, `trigger_type`, `cron_expression`, `type_daily`, `offset`, `job_status`, `cuckoo_parallel_job_args`) VALUES (11, 1, 'testFlowUnDailySucced', 'member', '被触发非日切任务--客户端执行成功', 'JOB', '', 'NO', 0, 'PAUSE', '111');
INSERT INTO `cuckoo_job_detail` (`id`, `group_id`, `job_name`, `job_class_application`, `job_desc`, `trigger_type`, `cron_expression`, `type_daily`, `offset`, `job_status`, `cuckoo_parallel_job_args`) VALUES (12, 1, 'testFlowUnDailyFailed', 'member', '被处罚非日切任务--执行失败', 'JOB', '', 'YES', 0, 'PAUSE', '111');
INSERT INTO `cuckoo_job_detail` (`id`, `group_id`, `job_name`, `job_class_application`, `job_desc`, `trigger_type`, `cron_expression`, `type_daily`, `offset`, `job_status`, `cuckoo_parallel_job_args`) VALUES (13, 2, 'testCronJobAutoInit', 'member', 'CRON非日切任务--客户端执行成功', 'CRON', '0 0/10 * * * ?', 'NO', 0, 'PAUSE', '1,2,3');


INSERT INTO `cuckoo_job_exec_log` (`id`, `job_id`, `group_id`, `job_class_application`, `job_name`, `trigger_type`, `type_daily`, `cron_expression`, `tx_date`, `flow_last_time`, `flow_cur_time`, `cuckoo_parallel_job_args`, `job_start_time`, `job_end_time`, `exec_job_status`, `cuckoo_client_ip`, `cuckoo_client_tag`, `latest_check_time`, `need_triggle_next`, `force_triggle`, `remark`) VALUES (1844, 13, 2, 'member', 'testCronJobAutoInit', 'CRON', 'NO', '0/10 * * * * ?', 0, 0, 1490182833572, '1,2,3', 1490182833572, 1490183882757, 'SUCCED', '127.0.0.1', 'DEFAULT', 1490182833572, 1, 0, 'succed');
INSERT INTO `cuckoo_job_exec_log` (`id`, `job_id`, `group_id`, `job_class_application`, `job_name`, `trigger_type`, `type_daily`, `cron_expression`, `tx_date`, `flow_last_time`, `flow_cur_time`, `cuckoo_parallel_job_args`, `job_start_time`, `job_end_time`, `exec_job_status`, `cuckoo_client_ip`, `cuckoo_client_tag`, `latest_check_time`, `need_triggle_next`, `force_triggle`, `remark`) VALUES (1845, 13, 2, 'member', 'testCronJobAutoInit', 'CRON', 'NO', '0/10 * * * * ?', 0, 1490182833572, 1490182833607, '1,2,3', 1490182833607, 1490183912290, 'SUCCED', '127.0.0.1', 'DEFAULT', 1490182833607, 1, 0, 'succed');
INSERT INTO `cuckoo_job_exec_log` (`id`, `job_id`, `group_id`, `job_class_application`, `job_name`, `trigger_type`, `type_daily`, `cron_expression`, `tx_date`, `flow_last_time`, `flow_cur_time`, `cuckoo_parallel_job_args`, `job_start_time`, `job_end_time`, `exec_job_status`, `cuckoo_client_ip`, `cuckoo_client_tag`, `latest_check_time`, `need_triggle_next`, `force_triggle`, `remark`) VALUES (1846, 13, 2, 'member', 'testCronJobAutoInit', 'CRON', 'NO', '0/10 * * * * ?', 0, 1490182833607, 1490182833638, '1,2,3', 1490182833638, 1490183912334, 'SUCCED', '127.0.0.1', 'DEFAULT', 1490182833638, 1, 0, 'succed');
INSERT INTO `cuckoo_job_exec_log` (`id`, `job_id`, `group_id`, `job_class_application`, `job_name`, `trigger_type`, `type_daily`, `cron_expression`, `tx_date`, `flow_last_time`, `flow_cur_time`, `cuckoo_parallel_job_args`, `job_start_time`, `job_end_time`, `exec_job_status`, `cuckoo_client_ip`, `cuckoo_client_tag`, `latest_check_time`, `need_triggle_next`, `force_triggle`, `remark`) VALUES (1847, 13, 2, 'member', 'testCronJobAutoInit', 'CRON', 'NO', '0/10 * * * * ?', 0, 1490182833638, 1490182833652, '1,2,3', 1490182833652, 1490183912410, 'SUCCED', '127.0.0.1', 'DEFAULT', 1490182833652, 1, 0, 'succed');
INSERT INTO `cuckoo_job_exec_log` (`id`, `job_id`, `group_id`, `job_class_application`, `job_name`, `trigger_type`, `type_daily`, `cron_expression`, `tx_date`, `flow_last_time`, `flow_cur_time`, `cuckoo_parallel_job_args`, `job_start_time`, `job_end_time`, `exec_job_status`, `cuckoo_client_ip`, `cuckoo_client_tag`, `latest_check_time`, `need_triggle_next`, `force_triggle`, `remark`) VALUES (1848, 13, 2, 'member', 'testCronJobAutoInit', 'CRON', 'NO', '0/10 * * * * ?', 0, 1490182833652, 1490182840022, '1,2,3', 1490182840022, 1490183912475, 'SUCCED', '127.0.0.1', 'DEFAULT', 1490182840022, 1, 0, 'succed');
INSERT INTO `cuckoo_job_exec_log` (`id`, `job_id`, `group_id`, `job_class_application`, `job_name`, `trigger_type`, `type_daily`, `cron_expression`, `tx_date`, `flow_last_time`, `flow_cur_time`, `cuckoo_parallel_job_args`, `job_start_time`, `job_end_time`, `exec_job_status`, `cuckoo_client_ip`, `cuckoo_client_tag`, `latest_check_time`, `need_triggle_next`, `force_triggle`, `remark`) VALUES (1849, 13, 2, 'member', 'testCronJobAutoInit', 'CRON', 'NO', '0/10 * * * * ?', 0, 1490182840022, 1490182850049, '1,2,3', 1490182850049, 1490183942520, 'SUCCED', '127.0.0.1', 'DEFAULT', 1490182850049, 1, 0, 'succed');
INSERT INTO `cuckoo_job_exec_log` (`id`, `job_id`, `group_id`, `job_class_application`, `job_name`, `trigger_type`, `type_daily`, `cron_expression`, `tx_date`, `flow_last_time`, `flow_cur_time`, `cuckoo_parallel_job_args`, `job_start_time`, `job_end_time`, `exec_job_status`, `cuckoo_client_ip`, `cuckoo_client_tag`, `latest_check_time`, `need_triggle_next`, `force_triggle`, `remark`) VALUES (1850, 13, 2, 'member', 'testCronJobAutoInit', 'CRON', 'NO', '0/10 * * * * ?', 0, 1490182850049, 1490183820088, '1,2,3', 1490183820088, 1490183970371, 'SUCCED', '127.0.0.1', 'DEFAULT', 1490183820088, 1, 0, 'succed');
INSERT INTO `cuckoo_job_exec_log` (`id`, `job_id`, `group_id`, `job_class_application`, `job_name`, `trigger_type`, `type_daily`, `cron_expression`, `tx_date`, `flow_last_time`, `flow_cur_time`, `cuckoo_parallel_job_args`, `job_start_time`, `job_end_time`, `exec_job_status`, `cuckoo_client_ip`, `cuckoo_client_tag`, `latest_check_time`, `need_triggle_next`, `force_triggle`, `remark`) VALUES (1851, 13, 2, 'member', 'testCronJobAutoInit', 'CRON', 'NO', '0/10 * * * * ?', 0, 1490183820088, 1490183830010, '1,2,3', 1490183830010, 1490183980389, 'SUCCED', '127.0.0.1', 'DEFAULT', 1490183830010, 1, 0, 'succed');
INSERT INTO `cuckoo_job_exec_log` (`id`, `job_id`, `group_id`, `job_class_application`, `job_name`, `trigger_type`, `type_daily`, `cron_expression`, `tx_date`, `flow_last_time`, `flow_cur_time`, `cuckoo_parallel_job_args`, `job_start_time`, `job_end_time`, `exec_job_status`, `cuckoo_client_ip`, `cuckoo_client_tag`, `latest_check_time`, `need_triggle_next`, `force_triggle`, `remark`) VALUES (1852, 13, 2, 'member', 'testCronJobAutoInit', 'CRON', 'NO', '0/10 * * * * ?', 0, 1490183830010, 1490183840029, '1,2,3', 1490183840029, 1490183990352, 'SUCCED', '127.0.0.1', 'DEFAULT', 1490183840029, 1, 0, 'succed');
INSERT INTO `cuckoo_job_exec_log` (`id`, `job_id`, `group_id`, `job_class_application`, `job_name`, `trigger_type`, `type_daily`, `cron_expression`, `tx_date`, `flow_last_time`, `flow_cur_time`, `cuckoo_parallel_job_args`, `job_start_time`, `job_end_time`, `exec_job_status`, `cuckoo_client_ip`, `cuckoo_client_tag`, `latest_check_time`, `need_triggle_next`, `force_triggle`, `remark`) VALUES (1853, 13, 2, 'member', 'testCronJobAutoInit', 'CRON', 'NO', '0/10 * * * * ?', 0, 1490183840029, 1490183850011, '1,2,3', 1490183850011, 1490184000405, 'SUCCED', '127.0.0.1', 'DEFAULT', 1490183850011, 1, 0, 'succed');
INSERT INTO `cuckoo_job_exec_log` (`id`, `job_id`, `group_id`, `job_class_application`, `job_name`, `trigger_type`, `type_daily`, `cron_expression`, `tx_date`, `flow_last_time`, `flow_cur_time`, `cuckoo_parallel_job_args`, `job_start_time`, `job_end_time`, `exec_job_status`, `cuckoo_client_ip`, `cuckoo_client_tag`, `latest_check_time`, `need_triggle_next`, `force_triggle`, `remark`) VALUES (1854, 13, 2, 'member', 'testCronJobAutoInit', 'CRON', 'NO', '0/10 * * * * ?', 0, 1490183850011, 1490183860013, '1,2,3', 1490183860013, 1490184010311, 'SUCCED', '127.0.0.1', 'DEFAULT', 1490183860013, 1, 0, 'succed');
INSERT INTO `cuckoo_job_exec_log` (`id`, `job_id`, `group_id`, `job_class_application`, `job_name`, `trigger_type`, `type_daily`, `cron_expression`, `tx_date`, `flow_last_time`, `flow_cur_time`, `cuckoo_parallel_job_args`, `job_start_time`, `job_end_time`, `exec_job_status`, `cuckoo_client_ip`, `cuckoo_client_tag`, `latest_check_time`, `need_triggle_next`, `force_triggle`, `remark`) VALUES (1855, 13, 2, 'member', 'testCronJobAutoInit', 'CRON', 'NO', '0/10 * * * * ?', 0, 1490183860013, 1490183870021, '1,2,3', 1490183870021, 1490184020262, 'SUCCED', '127.0.0.1', 'DEFAULT', 1490183870021, 1, 0, 'succed');
INSERT INTO `cuckoo_job_exec_log` (`id`, `job_id`, `group_id`, `job_class_application`, `job_name`, `trigger_type`, `type_daily`, `cron_expression`, `tx_date`, `flow_last_time`, `flow_cur_time`, `cuckoo_parallel_job_args`, `job_start_time`, `job_end_time`, `exec_job_status`, `cuckoo_client_ip`, `cuckoo_client_tag`, `latest_check_time`, `need_triggle_next`, `force_triggle`, `remark`) VALUES (1856, 13, 2, 'member', 'testCronJobAutoInit', 'CRON', 'NO', '0/10 * * * * ?', 0, 1490183870021, 1490183880045, '1,2,3', 1490183880045, 1490184030352, 'SUCCED', '127.0.0.1', 'DEFAULT', 1490183880045, 1, 0, 'succed');
INSERT INTO `cuckoo_job_exec_log` (`id`, `job_id`, `group_id`, `job_class_application`, `job_name`, `trigger_type`, `type_daily`, `cron_expression`, `tx_date`, `flow_last_time`, `flow_cur_time`, `cuckoo_parallel_job_args`, `job_start_time`, `job_end_time`, `exec_job_status`, `cuckoo_client_ip`, `cuckoo_client_tag`, `latest_check_time`, `need_triggle_next`, `force_triggle`, `remark`) VALUES (1857, 13, 2, 'member', 'testCronJobAutoInit', 'CRON', 'NO', '0/10 * * * * ?', 0, 1490183880045, 1490183890019, '1,2,3', 1490183890019, 1490184040302, 'SUCCED', '127.0.0.1', 'DEFAULT', 1490183890019, 1, 0, 'succed');
INSERT INTO `cuckoo_job_exec_log` (`id`, `job_id`, `group_id`, `job_class_application`, `job_name`, `trigger_type`, `type_daily`, `cron_expression`, `tx_date`, `flow_last_time`, `flow_cur_time`, `cuckoo_parallel_job_args`, `job_start_time`, `job_end_time`, `exec_job_status`, `cuckoo_client_ip`, `cuckoo_client_tag`, `latest_check_time`, `need_triggle_next`, `force_triggle`, `remark`) VALUES (1858, 13, 2, 'member', 'testCronJobAutoInit', 'CRON', 'NO', '0/10 * * * * ?', 0, 1490183890019, 1490183900010, '1,2,3', 1490183900010, 1490184050392, 'SUCCED', '127.0.0.1', 'DEFAULT', 1490183900010, 1, 0, 'succed');
INSERT INTO `cuckoo_job_exec_log` (`id`, `job_id`, `group_id`, `job_class_application`, `job_name`, `trigger_type`, `type_daily`, `cron_expression`, `tx_date`, `flow_last_time`, `flow_cur_time`, `cuckoo_parallel_job_args`, `job_start_time`, `job_end_time`, `exec_job_status`, `cuckoo_client_ip`, `cuckoo_client_tag`, `latest_check_time`, `need_triggle_next`, `force_triggle`, `remark`) VALUES (1859, 13, 2, 'member', 'testCronJobAutoInit', 'CRON', 'NO', '0/10 * * * * ?', 0, 1490183900010, 1490183910028, '1,2,3', 1490183910028, 1490184060364, 'SUCCED', '127.0.0.1', 'DEFAULT', 1490183910028, 1, 0, 'succed');
INSERT INTO `cuckoo_job_exec_log` (`id`, `job_id`, `group_id`, `job_class_application`, `job_name`, `trigger_type`, `type_daily`, `cron_expression`, `tx_date`, `flow_last_time`, `flow_cur_time`, `cuckoo_parallel_job_args`, `job_start_time`, `job_end_time`, `exec_job_status`, `cuckoo_client_ip`, `cuckoo_client_tag`, `latest_check_time`, `need_triggle_next`, `force_triggle`, `remark`) VALUES (1860, 13, 2, 'member', 'testCronJobAutoInit', 'CRON', 'NO', '0/10 * * * * ?', 0, 1490183910028, 1490183920031, '1,2,3', 1490183920031, 1490184070312, 'SUCCED', '127.0.0.1', 'DEFAULT', 1490183920031, 1, 0, 'succed');
INSERT INTO `cuckoo_job_exec_log` (`id`, `job_id`, `group_id`, `job_class_application`, `job_name`, `trigger_type`, `type_daily`, `cron_expression`, `tx_date`, `flow_last_time`, `flow_cur_time`, `cuckoo_parallel_job_args`, `job_start_time`, `job_end_time`, `exec_job_status`, `cuckoo_client_ip`, `cuckoo_client_tag`, `latest_check_time`, `need_triggle_next`, `force_triggle`, `remark`) VALUES (1861, 13, 2, 'member', 'testCronJobAutoInit', 'CRON', 'NO', '0/10 * * * * ?', 0, 1490183920031, 1490183930028, '1,2,3', 1490183930028, 1490184080257, 'SUCCED', '127.0.0.1', 'DEFAULT', 1490183930028, 1, 0, 'succed');
INSERT INTO `cuckoo_job_exec_log` (`id`, `job_id`, `group_id`, `job_class_application`, `job_name`, `trigger_type`, `type_daily`, `cron_expression`, `tx_date`, `flow_last_time`, `flow_cur_time`, `cuckoo_parallel_job_args`, `job_start_time`, `job_end_time`, `exec_job_status`, `cuckoo_client_ip`, `cuckoo_client_tag`, `latest_check_time`, `need_triggle_next`, `force_triggle`, `remark`) VALUES (1862, 13, 2, 'member', 'testCronJobAutoInit', 'CRON', 'NO', '0/10 * * * * ?', 0, 1490183930028, 1490183940029, '1,2,3', 1490183940029, 1490184090366, 'SUCCED', '127.0.0.1', 'DEFAULT', 1490183940029, 1, 0, 'succed');
INSERT INTO `cuckoo_job_exec_log` (`id`, `job_id`, `group_id`, `job_class_application`, `job_name`, `trigger_type`, `type_daily`, `cron_expression`, `tx_date`, `flow_last_time`, `flow_cur_time`, `cuckoo_parallel_job_args`, `job_start_time`, `job_end_time`, `exec_job_status`, `cuckoo_client_ip`, `cuckoo_client_tag`, `latest_check_time`, `need_triggle_next`, `force_triggle`, `remark`) VALUES (1863, 13, 2, 'member', 'testCronJobAutoInit', 'CRON', 'NO', '0/10 * * * * ?', 0, 1490183940029, 1490183950030, '1,2,3', 1490183950030, 1490184100244, 'SUCCED', '127.0.0.1', 'DEFAULT', 1490183950030, 1, 0, 'succed');
INSERT INTO `cuckoo_job_exec_log` (`id`, `job_id`, `group_id`, `job_class_application`, `job_name`, `trigger_type`, `type_daily`, `cron_expression`, `tx_date`, `flow_last_time`, `flow_cur_time`, `cuckoo_parallel_job_args`, `job_start_time`, `job_end_time`, `exec_job_status`, `cuckoo_client_ip`, `cuckoo_client_tag`, `latest_check_time`, `need_triggle_next`, `force_triggle`, `remark`) VALUES (1864, 13, 2, 'member', 'testCronJobAutoInit', 'CRON', 'NO', '0/10 * * * * ?', 0, 1490183950030, 1490183960010, '1,2,3', 1490183960010, 1490184110254, 'SUCCED', '127.0.0.1', 'DEFAULT', 1490183960010, 1, 0, 'succed');
INSERT INTO `cuckoo_job_exec_log` (`id`, `job_id`, `group_id`, `job_class_application`, `job_name`, `trigger_type`, `type_daily`, `cron_expression`, `tx_date`, `flow_last_time`, `flow_cur_time`, `cuckoo_parallel_job_args`, `job_start_time`, `job_end_time`, `exec_job_status`, `cuckoo_client_ip`, `cuckoo_client_tag`, `latest_check_time`, `need_triggle_next`, `force_triggle`, `remark`) VALUES (1865, 13, 2, 'member', 'testCronJobAutoInit', 'CRON', 'NO', '0/10 * * * * ?', 0, 1490183960010, 1490183970016, '1,2,3', 1490183970016, 1490184120355, 'SUCCED', '127.0.0.1', 'DEFAULT', 1490183970016, 1, 0, 'succed');
INSERT INTO `cuckoo_job_exec_log` (`id`, `job_id`, `group_id`, `job_class_application`, `job_name`, `trigger_type`, `type_daily`, `cron_expression`, `tx_date`, `flow_last_time`, `flow_cur_time`, `cuckoo_parallel_job_args`, `job_start_time`, `job_end_time`, `exec_job_status`, `cuckoo_client_ip`, `cuckoo_client_tag`, `latest_check_time`, `need_triggle_next`, `force_triggle`, `remark`) VALUES (1866, 13, 2, 'member', 'testCronJobAutoInit', 'CRON', 'NO', '0/10 * * * * ?', 0, 1490183970016, 1490183980033, '1,2,3', 1490183980033, 1490184130211, 'SUCCED', '127.0.0.1', 'DEFAULT', 1490183980033, 1, 0, 'succed');
INSERT INTO `cuckoo_job_exec_log` (`id`, `job_id`, `group_id`, `job_class_application`, `job_name`, `trigger_type`, `type_daily`, `cron_expression`, `tx_date`, `flow_last_time`, `flow_cur_time`, `cuckoo_parallel_job_args`, `job_start_time`, `job_end_time`, `exec_job_status`, `cuckoo_client_ip`, `cuckoo_client_tag`, `latest_check_time`, `need_triggle_next`, `force_triggle`, `remark`) VALUES (1867, 13, 2, 'member', 'testCronJobAutoInit', 'CRON', 'NO', '0/10 * * * * ?', 0, 1490183980033, 1490183990017, '1,2,3', 1490183990017, 1490184140256, 'SUCCED', '127.0.0.1', 'DEFAULT', 1490183990017, 1, 0, 'succed');
INSERT INTO `cuckoo_job_exec_log` (`id`, `job_id`, `group_id`, `job_class_application`, `job_name`, `trigger_type`, `type_daily`, `cron_expression`, `tx_date`, `flow_last_time`, `flow_cur_time`, `cuckoo_parallel_job_args`, `job_start_time`, `job_end_time`, `exec_job_status`, `cuckoo_client_ip`, `cuckoo_client_tag`, `latest_check_time`, `need_triggle_next`, `force_triggle`, `remark`) VALUES (1868, 13, 2, 'member', 'testCronJobAutoInit', 'CRON', 'NO', '0/10 * * * * ?', 0, 1490183990017, 1490184000057, '1,2,3', 1490184000057, 1490184150417, 'SUCCED', '127.0.0.1', 'DEFAULT', 1490184000057, 1, 0, 'succed');
INSERT INTO `cuckoo_job_exec_log` (`id`, `job_id`, `group_id`, `job_class_application`, `job_name`, `trigger_type`, `type_daily`, `cron_expression`, `tx_date`, `flow_last_time`, `flow_cur_time`, `cuckoo_parallel_job_args`, `job_start_time`, `job_end_time`, `exec_job_status`, `cuckoo_client_ip`, `cuckoo_client_tag`, `latest_check_time`, `need_triggle_next`, `force_triggle`, `remark`) VALUES (1869, 13, 2, 'member', 'testCronJobAutoInit', 'CRON', 'NO', '0/10 * * * * ?', 0, 1490184000057, 1490184010017, '1,2,3', 1490184010017, 1490184160226, 'FAILED', '127.0.0.1', 'DEFAULT', 1490184010017, 1, 0, 'succed');
INSERT INTO `cuckoo_job_exec_log` (`id`, `job_id`, `group_id`, `job_class_application`, `job_name`, `trigger_type`, `type_daily`, `cron_expression`, `tx_date`, `flow_last_time`, `flow_cur_time`, `cuckoo_parallel_job_args`, `job_start_time`, `job_end_time`, `exec_job_status`, `cuckoo_client_ip`, `cuckoo_client_tag`, `latest_check_time`, `need_triggle_next`, `force_triggle`, `remark`) VALUES (1870, 13, 2, 'member', 'testCronJobAutoInit', 'CRON', 'NO', '0 0/10 * * * ?', 0, 1490184010017, 1490184600103, '1,2,3', 1490184600103, 1490184660442, 'SUCCED', '127.0.0.1', 'DEFAULT', 1490184600103, 1, 0, 'succed');
INSERT INTO `cuckoo_job_exec_log` (`id`, `job_id`, `group_id`, `job_class_application`, `job_name`, `trigger_type`, `type_daily`, `cron_expression`, `tx_date`, `flow_last_time`, `flow_cur_time`, `cuckoo_parallel_job_args`, `job_start_time`, `job_end_time`, `exec_job_status`, `cuckoo_client_ip`, `cuckoo_client_tag`, `latest_check_time`, `need_triggle_next`, `force_triggle`, `remark`) VALUES (1871, 13, 2, 'member', 'testCronJobAutoInit', 'CRON', 'NO', '0 0/10 * * * ?', 0, 1490184000057, 1490184010017, '1,2,3', 1490184655894, 1490184656136, 'SUCCED', '127.0.0.1', 'DEFAULT', 1490184655894, 0, 1, 'succed');
INSERT INTO `cuckoo_job_exec_log` (`id`, `job_id`, `group_id`, `job_class_application`, `job_name`, `trigger_type`, `type_daily`, `cron_expression`, `tx_date`, `flow_last_time`, `flow_cur_time`, `cuckoo_parallel_job_args`, `job_start_time`, `job_end_time`, `exec_job_status`, `cuckoo_client_ip`, `cuckoo_client_tag`, `latest_check_time`, `need_triggle_next`, `force_triggle`, `remark`) VALUES (1872, 13, 2, 'member', 'testCronJobAutoInit', 'CRON', 'NO', '0 0/10 * * * ?', 0, 1490184600103, 1490185200350, '1,2,3', 1490185200350, 0, 'FAILED', '', '', 1490185200350, 1, 0, 'job exec error:remoteJobExecs can not get socket,jobLog:com.wjs.schedule.domain.exec.CuckooJobExecLog@4e749b6b[id=1872,jobId=13,groupId=2,jobClassApplication=member,jobName=testCronJobAutoInit,triggerType=CRON,typeDaily=NO,cronExpression=0 0/10 * * * ?,txDate=<null>,flowLastTime=1490184600103,flowCurTime=1490185200350,cuckooParallelJobArgs=1,2,3,jobStartTime=1490185200350,jobEndTime=<null>,execJobStatus=PENDING,cuckooClientIp=<null>,cuckooClientTag=<null>,latestCheckTime=1490185200350,');
INSERT INTO `cuckoo_job_exec_log` (`id`, `job_id`, `group_id`, `job_class_application`, `job_name`, `trigger_type`, `type_daily`, `cron_expression`, `tx_date`, `flow_last_time`, `flow_cur_time`, `cuckoo_parallel_job_args`, `job_start_time`, `job_end_time`, `exec_job_status`, `cuckoo_client_ip`, `cuckoo_client_tag`, `latest_check_time`, `need_triggle_next`, `force_triggle`, `remark`) VALUES (1873, 13, 2, 'member', 'testCronJobAutoInit', 'CRON', 'NO', '0 0/10 * * * ?', 0, 1490185200350, 1490185800017, '1,2,3', 1490185800017, 0, 'PENDING', '', '', 1490185800017, 1, 0, 'job is paush,triggle next time');
INSERT INTO `cuckoo_job_exec_log` (`id`, `job_id`, `group_id`, `job_class_application`, `job_name`, `trigger_type`, `type_daily`, `cron_expression`, `tx_date`, `flow_last_time`, `flow_cur_time`, `cuckoo_parallel_job_args`, `job_start_time`, `job_end_time`, `exec_job_status`, `cuckoo_client_ip`, `cuckoo_client_tag`, `latest_check_time`, `need_triggle_next`, `force_triggle`, `remark`) VALUES (1874, 13, 2, 'member', 'testCronJobAutoInit', 'CRON', 'NO', '0 0/10 * * * ?', 0, 1490184600103, 1490185200350, '1,2,3', 1490187931887, 0, 'FAILED', '', '', 1490187931887, 0, 1, 'job exec error:remoteJobExecs can not get socket,jobLog:com.wjs.schedule.domain.exec.CuckooJobExecLog@29fef7eb[id=1874,jobId=13,groupId=2,jobClassApplication=member,jobName=testCronJobAutoInit,triggerType=CRON,typeDaily=NO,cronExpression=0 0/10 * * * ?,txDate=0,flowLastTime=1490184600103,flowCurTime=1490185200350,cuckooParallelJobArgs=1,2,3,jobStartTime=1490187931887,jobEndTime=0,execJobStatus=PENDING,cuckooClientIp=,cuckooClientTag=,latestCheckTime=1490187931887,needTriggleNext=false,');
INSERT INTO `cuckoo_job_exec_log` (`id`, `job_id`, `group_id`, `job_class_application`, `job_name`, `trigger_type`, `type_daily`, `cron_expression`, `tx_date`, `flow_last_time`, `flow_cur_time`, `cuckoo_parallel_job_args`, `job_start_time`, `job_end_time`, `exec_job_status`, `cuckoo_client_ip`, `cuckoo_client_tag`, `latest_check_time`, `need_triggle_next`, `force_triggle`, `remark`) VALUES (1875, 13, 2, 'member', 'testCronJobAutoInit', 'CRON', 'NO', '0 0/10 * * * ?', 0, 1490185800017, 1490188200047, '1,2,3', 1490188200047, 0, 'PENDING', '', '', 1490188200047, 1, 0, 'job is paush,triggle next time');
INSERT INTO `cuckoo_job_exec_log` (`id`, `job_id`, `group_id`, `job_class_application`, `job_name`, `trigger_type`, `type_daily`, `cron_expression`, `tx_date`, `flow_last_time`, `flow_cur_time`, `cuckoo_parallel_job_args`, `job_start_time`, `job_end_time`, `exec_job_status`, `cuckoo_client_ip`, `cuckoo_client_tag`, `latest_check_time`, `need_triggle_next`, `force_triggle`, `remark`) VALUES (1876, 13, 2, 'member', 'testCronJobAutoInit', 'CRON', 'NO', '0 0/10 * * * ?', 0, 1490188200047, 1490188823740, '1,2,3', 1490188823740, 0, 'PENDING', '', '', 1490188823740, 1, 0, 'prelog is not succed, curlogId:1876, prelogId:1875,status:PENDING');


INSERT INTO `cuckoo_job_group` (`id`, `group_name`, `group_desc`) VALUES (1, '测试分组1', '测试分组哦111111');
INSERT INTO `cuckoo_job_group` (`id`, `group_name`, `group_desc`) VALUES (2, '测试分组2', '测试分组2描述');


INSERT INTO `cuckoo_job_next_job` (`id`, `job_id`, `next_job_id`) VALUES (3, 4, 6);
INSERT INTO `cuckoo_job_next_job` (`id`, `job_id`, `next_job_id`) VALUES (7, 4, 8);
INSERT INTO `cuckoo_job_next_job` (`id`, `job_id`, `next_job_id`) VALUES (9, 8, 10);
INSERT INTO `cuckoo_job_next_job` (`id`, `job_id`, `next_job_id`) VALUES (10, 4, 11);
INSERT INTO `cuckoo_job_next_job` (`id`, `job_id`, `next_job_id`) VALUES (12, 4, 12);



